{"authorDailyContributionsMap":{"gerhean":[{"date":"2020-02-20","commitResults":[{"hash":"04b0f0209a1971f8b86f308d9dcb44cc1b423fd8","messageTitle":"Update README.adoc","messageBody":"","fileTypesAndContributionMap":{"adoc":{"insertions":1,"deletions":1}}}]},{"date":"2020-02-25","commitResults":[{"hash":"970bfde357c69c5560defe2828845811f1a77c12","messageTitle":"Create GerHeanPic.jpg","messageBody":"","fileTypesAndContributionMap":{}},{"hash":"943795e203572cc865b1e3ae522ec0a21bfd01dd","messageTitle":"Update AboutUs.adoc","messageBody":"Add GerHean Pic","fileTypesAndContributionMap":{"adoc":{"insertions":4,"deletions":4}}},{"hash":"e90b86c9d5fbf7e907dd6d301dedde523cb02227","messageTitle":"Update ContactUs.adoc","messageBody":"","fileTypesAndContributionMap":{"adoc":{"insertions":2,"deletions":2}}},{"hash":"bef18b2d62a6d65324aacaf78754e6ce52e70227","messageTitle":"Update Ui.png","messageBody":"","fileTypesAndContributionMap":{}},{"hash":"69ea862c5c72d3976c0fa3ab8706f4f369d2ce0e","messageTitle":"Update README.adoc","messageBody":"","fileTypesAndContributionMap":{"adoc":{"insertions":1,"deletions":1}}},{"hash":"dfc831f0b8119068cf36b7793375276a1c46e8e8","messageTitle":"Edit badges","messageBody":"","fileTypesAndContributionMap":{"adoc":{"insertions":3,"deletions":3}}},{"hash":"487222023dcb3025565882ef23cb79d6f827d414","messageTitle":"Update README.adoc","messageBody":"finish updating readme","fileTypesAndContributionMap":{"adoc":{"insertions":5,"deletions":6}}},{"hash":"6edbd30cde6ab3f057633d36bb6a01e56f5f5fdd","messageTitle":"Edit html","messageBody":"","fileTypesAndContributionMap":{"gradle":{"insertions":1,"deletions":1},"slim":{"insertions":0,"deletions":24}}},{"hash":"f7908363bd3feadc568f8ee6a8110286b8f02da4","messageTitle":"Update About Us","messageBody":"about gerhean\n","fileTypesAndContributionMap":{"adoc":{"insertions":41,"deletions":1}}},{"hash":"54992d4fc6679c955d9964dd6582db2583ee52c7","messageTitle":"Update gerhean pic","messageBody":"","fileTypesAndContributionMap":{"adoc":{"insertions":1,"deletions":1}}},{"hash":"6bb0142449fffb744fb8c4c2e77fb79e71025b8e","messageTitle":"Fix github link","messageBody":"","fileTypesAndContributionMap":{"gradle":{"insertions":1,"deletions":1}}},{"hash":"05023ee763010f4fb9e7cb8143afdc8e2b5ee9ea","messageTitle":"Update AboutUs","messageBody":"","fileTypesAndContributionMap":{"adoc":{"insertions":10,"deletions":10}}}]},{"date":"2020-02-26","commitResults":[{"hash":"4adf8f43f0a94d806fa7909d675ab425eb140532","messageTitle":"Update build.gradle","messageBody":"remove site-seedu\n","fileTypesAndContributionMap":{"gradle":{"insertions":1,"deletions":1}}},{"hash":"7e4214915dd7e4814fe7ebdb9aa1365944468edc","messageTitle":"Update README.adoc","messageBody":"Remove learning outcomes\n","fileTypesAndContributionMap":{"adoc":{"insertions":0,"deletions":1}}}]},{"date":"2020-03-10","commitResults":[{"hash":"184a86dc0b60e5df15a910ef23f078084f8dbf90","messageTitle":"Add InternshipDiary Model","messageBody":"","fileTypesAndContributionMap":{"java":{"insertions":137,"deletions":0}}}]},{"date":"2020-03-12","commitResults":[{"hash":"e4c3365c43e50779cf15159aeab827299941e17c","messageTitle":"Add storage stuff","messageBody":"","fileTypesAndContributionMap":{"java":{"insertions":347,"deletions":0}}},{"hash":"0fce78701f0ca8fb77f2abd1f8b4727d3b026d8d","messageTitle":"Use InternshipDiary Storage instead","messageBody":"","fileTypesAndContributionMap":{"java":{"insertions":50,"deletions":40}}},{"hash":"777323f9328e48e194074b6d5f6cdd1247dbeae3","messageTitle":"Fix checkstyle","messageBody":"","fileTypesAndContributionMap":{"java":{"insertions":7,"deletions":4}}},{"hash":"669426e2f250c6d61c37dd9cb1d93bd026704d8d","messageTitle":"modify storage tests","messageBody":"","fileTypesAndContributionMap":{"java":{"insertions":27,"deletions":27}}},{"hash":"9ba9de167fc3efd861f5d69161dc8764ec4a659e","messageTitle":"Change storage manager test imports","messageBody":"","fileTypesAndContributionMap":{"java":{"insertions":1,"deletions":1}}},{"hash":"7487bedabf938bc735b1923cc13dfe3cf365944d","messageTitle":"Get all storage tests to pass","messageBody":"","fileTypesAndContributionMap":{"java":{"insertions":3,"deletions":1}}}]},{"date":"2020-03-13","commitResults":[{"hash":"6ff0ee728a9399d2614e8813ad081f1e1596b1e5","messageTitle":"pass checkstyle","messageBody":"","fileTypesAndContributionMap":{"java":{"insertions":2,"deletions":2}}},{"hash":"da01838e242862cbc13e743e36c767b7206c55b1","messageTitle":"Add test InternshipDiary json savefiles","messageBody":"","fileTypesAndContributionMap":{"json":{"insertions":89,"deletions":0}}},{"hash":"79a1dd1f32902da94fee5a546a9d139ccd3b74c1","messageTitle":"Update JsonAdaptedInternship.java","messageBody":"update error message for bad status\n","fileTypesAndContributionMap":{"java":{"insertions":2,"deletions":2}}},{"hash":"ce608d0795b8956fa36fc956fb725589499fd470","messageTitle":"Add (failing) InternshipDiaryStorage tests","messageBody":"","fileTypesAndContributionMap":{"java":{"insertions":283,"deletions":0}}},{"hash":"3e6c9fda1b9c5b6830c7f4e23e895719153d94b9","messageTitle":"Refactor tests","messageBody":"","fileTypesAndContributionMap":{"java":{"insertions":16,"deletions":14},"json":{"insertions":0,"deletions":0}}},{"hash":"81932b17157a96fe35c1e8f6cda9846c7646f233","messageTitle":"Date to LocalDate","messageBody":"","fileTypesAndContributionMap":{"java":{"insertions":45,"deletions":42}}},{"hash":"f68c7ceef82450de6e1b037b37fa35e59b86f131","messageTitle":"Pass all tests success","messageBody":"","fileTypesAndContributionMap":{"java":{"insertions":3,"deletions":3},"json":{"insertions":0,"deletions":0}}},{"hash":"cf1b8af779ea1c48d07fe6ffa11ea9bdaf12838c","messageTitle":"Delete AddressBook From Storage","messageBody":"","fileTypesAndContributionMap":{"java":{"insertions":0,"deletions":609},"json":{"insertions":0,"deletions":22}}},{"hash":"8c04d3f72909109c11315d28d01fac5abb7187ac","messageTitle":"Pass checkstyle","messageBody":"","fileTypesAndContributionMap":{"java":{"insertions":4,"deletions":6}}}]},{"date":"2020-03-15","commitResults":[{"hash":"846d4ecbe8e19bb68ea492574b8de53f642e6c7c","messageTitle":"Remove LocalDate usage in storage","messageBody":"","fileTypesAndContributionMap":{"java":{"insertions":3,"deletions":15}}},{"hash":"32e316bcddb9e5e32e6b717f56b262849627fd02","messageTitle":"Remove int priority from storage","messageBody":"","fileTypesAndContributionMap":{"java":{"insertions":2,"deletions":6}}},{"hash":"146cdc58e62c764d189d3271c00af6c2668d6eb8","messageTitle":"Storage check status better","messageBody":"","fileTypesAndContributionMap":{"java":{"insertions":1,"deletions":3}}},{"hash":"c4eec22db199de2c5012f5f5f9f817d21ef7ecca","messageTitle":"Rename some instances of AddressBook to internshipdiary","messageBody":"","fileTypesAndContributionMap":{"java":{"insertions":9,"deletions":9}}},{"hash":"f12052138bd6b6a54e1c4859c7a56db50c9c2482","messageTitle":"Clean up test json files","messageBody":"","fileTypesAndContributionMap":{"java":{"insertions":1,"deletions":3},"json":{"insertions":8,"deletions":76}}}]},{"date":"2020-03-19","commitResults":[{"hash":"71493486031c5aa4444c7f7543add7c98c1aaa4f","messageTitle":"Sort implemented","messageBody":"Sort by company only\n","fileTypesAndContributionMap":{"java":{"insertions":148,"deletions":3}}},{"hash":"acd4e38cf6ff5a06c99175b624b430620d6b622e","messageTitle":"Add other comparators","messageBody":"Date, Priority and Status can now be sorted\n","fileTypesAndContributionMap":{"java":{"insertions":82,"deletions":7}}},{"hash":"a5c0aceafd1d574815ac493f640c6c4c5016cf6b","messageTitle":"Add SortCommandTest","messageBody":"","fileTypesAndContributionMap":{"java":{"insertions":68,"deletions":0}}},{"hash":"df1942d451763c31b813b55943fbc4f88fdc649b","messageTitle":"Pass checkstyle","messageBody":"","fileTypesAndContributionMap":{"java":{"insertions":28,"deletions":12}}},{"hash":"baa6cd5ba0f1284ec37164adf477c59bf21fb9ba","messageTitle":"Create SortCommandParserTest.java","messageBody":"","fileTypesAndContributionMap":{"java":{"insertions":31,"deletions":0}}},{"hash":"edb284d75a33d9f824b48237b3a07f1e072c989f","messageTitle":"Add extra test","messageBody":"","fileTypesAndContributionMap":{"java":{"insertions":7,"deletions":0}}},{"hash":"21452808c1c6311ffe1267a670c1a7e8d9dedc85","messageTitle":"More tests for sorting","messageBody":"","fileTypesAndContributionMap":{"java":{"insertions":34,"deletions":8}}},{"hash":"3bddb8d477794e08ffe875731813fb8eed1d0d15","messageTitle":"Update DateComparator.java","messageBody":"DateComparator compares by earliest interview date if possible, else uses application date.\n","fileTypesAndContributionMap":{"java":{"insertions":32,"deletions":1}}},{"hash":"5b05764f9edb6b5a0514486eebbe5b6525c50474","messageTitle":"experiments","messageBody":"","fileTypesAndContributionMap":{"gradle":{"insertions":2,"deletions":0},"java":{"insertions":39,"deletions":3},"html":{"insertions":475,"deletions":0}}},{"hash":"f7065b3902fada0f404d7710ada5e2c954381f9a","messageTitle":"Added nice help","messageBody":"","fileTypesAndContributionMap":{"gradle":{"insertions":8,"deletions":2},"fxml":{"insertions":8,"deletions":25},"css":{"insertions":621,"deletions":0},"java":{"insertions":8,"deletions":53},"html":{"insertions":537,"deletions":0}}}]},{"date":"2020-03-21","commitResults":[{"hash":"8ed2d75b80446636b3faee4cae24b60a01f14fbc","messageTitle":"Pass checkstyle","messageBody":"","fileTypesAndContributionMap":{"html":{"insertions":1,"deletions":476}}},{"hash":"98ceb2652121ac0d634cf29d92dbc7879972cc2c","messageTitle":"Add sort to user guide","messageBody":"Also remove tags\n","fileTypesAndContributionMap":{"adoc":{"insertions":13,"deletions":6}}},{"hash":"db7832020163b4647a5c4505a179cc0255b912be","messageTitle":"Update UserGuide.adoc","messageBody":"","fileTypesAndContributionMap":{"adoc":{"insertions":2,"deletions":0}}}]},{"date":"2020-03-22","commitResults":[{"hash":"308ab9f1dcc3e7863c5553836a7efc83937282e8","messageTitle":"Add comparator tests","messageBody":"And adjusted datecomparator\n","fileTypesAndContributionMap":{"java":{"insertions":369,"deletions":59}}},{"hash":"c6f1298dadd559ecc240f5c99f79671f259e5a7b","messageTitle":"Update UserGuide.adoc","messageBody":"","fileTypesAndContributionMap":{"adoc":{"insertions":1,"deletions":2}}},{"hash":"613943c190fa8d65cc88e78e241838a1ffb98825","messageTitle":"Make address email and phone optional","messageBody":"default value is \"\"\n","fileTypesAndContributionMap":{"java":{"insertions":76,"deletions":61}}},{"hash":"15895d844a243b8da4c4999bba4a5db5babb4ac6","messageTitle":"Default priority to 5","messageBody":"","fileTypesAndContributionMap":{"java":{"insertions":14,"deletions":25}}},{"hash":"18c2821d4b6c01e962738a08cdb8ec664394a3b8","messageTitle":"fix checkstyle","messageBody":"","fileTypesAndContributionMap":{"java":{"insertions":1,"deletions":1}}}]},{"date":"2020-03-23","commitResults":[{"hash":"a9f3b85825ce4f4bd5c881d7a58809e2c31ae12b","messageTitle":"pass checkstyle","messageBody":"","fileTypesAndContributionMap":{"java":{"insertions":4,"deletions":9}}}]},{"date":"2020-03-25","commitResults":[{"hash":"b4aa16edae70c983b904d59a810c1c01f826330b","messageTitle":"Update UML diagrams","messageBody":"","fileTypesAndContributionMap":{"puml":{"insertions":15,"deletions":5}}},{"hash":"a5d58bd21f15907d49ff26b33898268359adc46d","messageTitle":"UiClassDiagram fix diamond in arrow","messageBody":"","fileTypesAndContributionMap":{"puml":{"insertions":1,"deletions":1}}}]},{"date":"2020-03-26","commitResults":[{"hash":"fedb85de8895f1732c1fdd0972e0e098bbdc1f0e","messageTitle":"Add next parser functionality","messageBody":"","fileTypesAndContributionMap":{"java":{"insertions":69,"deletions":7}}},{"hash":"cafe89ae90a313ac1cabc38994bbec4efc823faf","messageTitle":"fix tests and checkstyle","messageBody":"","fileTypesAndContributionMap":{"java":{"insertions":8,"deletions":4}}},{"hash":"bf0d7a6bddc7d8f750428b1e03a2924c0b9f9b83","messageTitle":"Add initClearCommand tests","messageBody":"","fileTypesAndContributionMap":{"java":{"insertions":77,"deletions":2}}},{"hash":"071faf43801b01bcaddefb2d3647b3b3367d8270","messageTitle":"Add tests and fix checkstyle","messageBody":"","fileTypesAndContributionMap":{"java":{"insertions":22,"deletions":10}}},{"hash":"ff50f15dacb8c1c5891eead6e81692a870a05881","messageTitle":"Add command history","messageBody":"Up and down arrow to scroll\n","fileTypesAndContributionMap":{"fxml":{"insertions":1,"deletions":1},"java":{"insertions":44,"deletions":1}}},{"hash":"9ae04474755fc0d9e6df48e0e8f259ef2b32f04d","messageTitle":"Abstract out history functionality","messageBody":"","fileTypesAndContributionMap":{"java":{"insertions":61,"deletions":26}}},{"hash":"6bd56e8609fab5e26b18dcbf46a10a460d4e59ec","messageTitle":"Add javadocs","messageBody":"","fileTypesAndContributionMap":{"java":{"insertions":30,"deletions":1}}},{"hash":"56e9ac86eaf7dae1d6ec16b789b0b711fef95f10","messageTitle":"Add EnteredCommandsHistory tests","messageBody":"","fileTypesAndContributionMap":{"java":{"insertions":106,"deletions":0}}},{"hash":"37953ed1047412b5fe7cbc282c9130632e858082","messageTitle":"Make result display resizable","messageBody":"","fileTypesAndContributionMap":{"fxml":{"insertions":31,"deletions":18},"java":{"insertions":24,"deletions":0}}},{"hash":"335ebbdaa7913b0577e03766044aa878fb7cfa97","messageTitle":"Implement better date parser","messageBody":"","fileTypesAndContributionMap":{"java":{"insertions":68,"deletions":2}}},{"hash":"4fe70c2185b36346e0d3b1cdd614b9ceb4f92e29","messageTitle":"Fix ApplicationDateTest","messageBody":"","fileTypesAndContributionMap":{"java":{"insertions":7,"deletions":7}}},{"hash":"ffd34608e7f4898960a9b9a7e437b72624343d32","messageTitle":"add date time util tests","messageBody":"","fileTypesAndContributionMap":{"java":{"insertions":69,"deletions":5}}}]},{"date":"2020-03-27","commitResults":[{"hash":"339276435eeffb21d5a8b9b83c71e3a053bff694","messageTitle":"Fix Checkstyle","messageBody":"","fileTypesAndContributionMap":{"java":{"insertions":0,"deletions":5}}},{"hash":"fc23167344a40d05e91074bde077385d9e6b1113","messageTitle":"MainWindow.fxml fix formatting","messageBody":"","fileTypesAndContributionMap":{"fxml":{"insertions":64,"deletions":57}}},{"hash":"73fc76ada7c47bf2dac7d9fb0ff8290a4f9c653b","messageTitle":"fix using javafx 11.0.1 warnings","messageBody":"","fileTypesAndContributionMap":{"fxml":{"insertions":2,"deletions":2}}}]},{"date":"2020-03-28","commitResults":[{"hash":"a6d81279f381cf1d95ea8279fed9bbc73a406e3c","messageTitle":"Add reverse sort functionality","messageBody":"","fileTypesAndContributionMap":{"java":{"insertions":126,"deletions":33}}},{"hash":"f5d82840241d0bff6df8e6f2b18dd3c9ae2ea8b2","messageTitle":"Add more comparator tests","messageBody":"","fileTypesAndContributionMap":{"java":{"insertions":42,"deletions":0}}},{"hash":"969fd69967d1de9c9c9fd1aa2c87d59316ce9661","messageTitle":"Add reverse sort test","messageBody":"","fileTypesAndContributionMap":{"java":{"insertions":4,"deletions":0}}},{"hash":"f64ffb79f301b39eee23657c7c02598954f9b0e3","messageTitle":"fix checkstyle","messageBody":"","fileTypesAndContributionMap":{"java":{"insertions":3,"deletions":5}}},{"hash":"1759821eaf8047f409420717db3e723777547d65","messageTitle":"Add sort display","messageBody":"","fileTypesAndContributionMap":{"fxml":{"insertions":14,"deletions":0},"java":{"insertions":93,"deletions":1}}},{"hash":"457e3e730e8b1545eee6f31bbe2ce9235c9aa69d","messageTitle":"Fix tests","messageBody":"","fileTypesAndContributionMap":{"java":{"insertions":12,"deletions":0}}},{"hash":"172f915e162310a64d5c316776386228876e339a","messageTitle":"Update ApplicationDateThenInterviewDateComparator.java","messageBody":"","fileTypesAndContributionMap":{"java":{"insertions":0,"deletions":2}}},{"hash":"6c859743e60fb669a85ac26ccbba4d15ffd7fc56","messageTitle":"Rewrote find command code","messageBody":"","fileTypesAndContributionMap":{"java":{"insertions":121,"deletions":49}}},{"hash":"24ff453ab0d4ed056398b03b643d046bd236ba03","messageTitle":"Update FindCommand.java","messageBody":"","fileTypesAndContributionMap":{"java":{"insertions":1,"deletions":3}}},{"hash":"1ba938add0541b17c150b1cb9adb8730c03984e6","messageTitle":"Nicer string","messageBody":"","fileTypesAndContributionMap":{"java":{"insertions":3,"deletions":3}}},{"hash":"b48c43e7bc5cfaee370c2844cc23c81f9f3914bf","messageTitle":"Add Predicate display","messageBody":"","fileTypesAndContributionMap":{"fxml":{"insertions":35,"deletions":26},"java":{"insertions":129,"deletions":4}}}]},{"date":"2020-03-29","commitResults":[{"hash":"43fa54bb272b336010827e17ee021a2ebdc21353","messageTitle":"Update sort in DG","messageBody":"","fileTypesAndContributionMap":{"puml":{"insertions":77,"deletions":0},"adoc":{"insertions":52,"deletions":4}}},{"hash":"c4c117327b0dac012035dff1b231a5306f9e00ae","messageTitle":"Update sort in UG","messageBody":"","fileTypesAndContributionMap":{"adoc":{"insertions":3,"deletions":2}}},{"hash":"0d4ed12ae9eac871825e0da4163f0d654524e3fc","messageTitle":"Update Ui diagram","messageBody":"","fileTypesAndContributionMap":{"puml":{"insertions":22,"deletions":5}}},{"hash":"5bdbcb204668aa5576f55b4f9e3563dce66af840","messageTitle":"Update DG intro","messageBody":"","fileTypesAndContributionMap":{"adoc":{"insertions":4,"deletions":1}}},{"hash":"56be781924cca81267fae60b87352280bc52c64a","messageTitle":"fix checkstyle","messageBody":"","fileTypesAndContributionMap":{"puml":{"insertions":1,"deletions":1}}}]},{"date":"2020-03-30","commitResults":[{"hash":"e35d4fa917e7309284a9908e34b5eb0b98ba2050","messageTitle":"use listener to get comparator","messageBody":"","fileTypesAndContributionMap":{"java":{"insertions":39,"deletions":43}}},{"hash":"109a06253c5ea4ddb2822770803097386a22396b","messageTitle":"add tests","messageBody":"","fileTypesAndContributionMap":{"java":{"insertions":53,"deletions":0}}},{"hash":"aeb2d51cd144d85efb8a9c9a5b93286716c5db75","messageTitle":"pass checkstyle","messageBody":"","fileTypesAndContributionMap":{"java":{"insertions":1,"deletions":2}}},{"hash":"e0a86a0e8020c81e988aef189b1b7ed7dc6df2bb","messageTitle":"Use listener to update predicate","messageBody":"","fileTypesAndContributionMap":{"java":{"insertions":100,"deletions":87}}},{"hash":"d06ac43c97d75bde3bfb0086ee7d5b1ba4203c22","messageTitle":"Add tests","messageBody":"","fileTypesAndContributionMap":{"java":{"insertions":109,"deletions":0}}},{"hash":"9118995e78813d79fe915b90b9a4e9afbb9ea0f3","messageTitle":"Change back the find parser","messageBody":"","fileTypesAndContributionMap":{"java":{"insertions":46,"deletions":43}}},{"hash":"456e8748c2ee58dfe260e671260a11ac3529f622","messageTitle":"fix checkstyle","messageBody":"","fileTypesAndContributionMap":{"java":{"insertions":2,"deletions":1}}},{"hash":"7abfd0c28005d7d52f8ef31eea438ec34b10fa16","messageTitle":"Fix checkstyle","messageBody":"","fileTypesAndContributionMap":{"java":{"insertions":664,"deletions":659}}},{"hash":"20f2ca2d6877be810bf2fec4a45853dd60455fa4","messageTitle":"Fix checkstyle more","messageBody":"","fileTypesAndContributionMap":{"java":{"insertions":1,"deletions":1}}},{"hash":"67e3db454413c432d4bde9e5089f8aae3e1deb2c","messageTitle":"Remove weird block","messageBody":"","fileTypesAndContributionMap":{"java":{"insertions":14,"deletions":26}}},{"hash":"1be64497e2e74415cd2a1ac86c4bc23407ebadf5","messageTitle":"Nicer parser","messageBody":"","fileTypesAndContributionMap":{"java":{"insertions":14,"deletions":16}}},{"hash":"24ab9a35e33769ce1b871cf227f5eaf1fadd32db","messageTitle":"Nicer sort","messageBody":"","fileTypesAndContributionMap":{"java":{"insertions":13,"deletions":15}}},{"hash":"4e941f6512cb21d6c3f16d5a97e76c5aa9d6d753","messageTitle":"Use enums for model listeners","messageBody":"","fileTypesAndContributionMap":{"java":{"insertions":83,"deletions":81}}},{"hash":"7cb902d97508571ad1e628ac1dd5e1f8d1f658c0","messageTitle":"better checkstyle","messageBody":"","fileTypesAndContributionMap":{"java":{"insertions":2,"deletions":0}}}]},{"date":"2020-04-02","commitResults":[{"hash":"4db7688cbb023ed95e760897e2273372263157bd","messageTitle":"update docs abit","messageBody":"","fileTypesAndContributionMap":{"adoc":{"insertions":25,"deletions":5}}},{"hash":"ce27296c400b40301dd9207ed12a4e8db0587c99","messageTitle":"Update userGuide.html","messageBody":"","fileTypesAndContributionMap":{"html":{"insertions":556,"deletions":164}}},{"hash":"759f8511a493440ae4fa25d851ab617cc35b1b22","messageTitle":"pass checkstyle","messageBody":"","fileTypesAndContributionMap":{"html":{"insertions":1,"deletions":1}}},{"hash":"e06d889a16212487fccf791e0b8beefbb9c86a12","messageTitle":"Reformat code with intellij","messageBody":"","fileTypesAndContributionMap":{"java":{"insertions":563,"deletions":488}}}]},{"date":"2020-04-03","commitResults":[{"hash":"de4e6e132b4c9c10513939d6f6725ad986d222b3","messageTitle":"Add use case","messageBody":"","fileTypesAndContributionMap":{"adoc":{"insertions":21,"deletions":0}}},{"hash":"236a4456fd9f51613e5824fe76646c4f370ca87e","messageTitle":"add comparators","messageBody":"","fileTypesAndContributionMap":{"java":{"insertions":72,"deletions":1}}},{"hash":"b0801f4ef42c63a8940877663559629218674551","messageTitle":"update docs","messageBody":"","fileTypesAndContributionMap":{"adoc":{"insertions":40,"deletions":0}}},{"hash":"0d56d22df5431956a6e857cd2ad863be1f4833d2","messageTitle":"Add Internship details setter","messageBody":"","fileTypesAndContributionMap":{"java":{"insertions":115,"deletions":20}}},{"hash":"cc498b2a52dab8d559a1e45419c436a00ebd70e2","messageTitle":"Remove internship to display from command result","messageBody":"","fileTypesAndContributionMap":{"java":{"insertions":9,"deletions":48}}},{"hash":"f00b71478bfc83c51ab60578531692833e88a9de","messageTitle":"Fix test cases","messageBody":"","fileTypesAndContributionMap":{"java":{"insertions":6,"deletions":19}}},{"hash":"545f5aff9ef6e319877dc30cd1a9d1ab04b9ec63","messageTitle":"Fix checkstyle","messageBody":"","fileTypesAndContributionMap":{"java":{"insertions":22,"deletions":27}}}]},{"date":"2020-04-04","commitResults":[{"hash":"6ef23f41f803c72aaa28c1061225bf770b639753","messageTitle":"Add tests","messageBody":"","fileTypesAndContributionMap":{"java":{"insertions":63,"deletions":3}}},{"hash":"10b78dd7112a0fa4fe47018ba3d5c56835561267","messageTitle":"Add more error message to sort command","messageBody":"","fileTypesAndContributionMap":{"java":{"insertions":8,"deletions":1}}},{"hash":"a66f2b6359151ef61c52c359c1d1ffd3f4ff6906","messageTitle":"Better sort message","messageBody":"","fileTypesAndContributionMap":{"java":{"insertions":3,"deletions":1}}},{"hash":"87a24495a1def03d7a8c38809cd54422e8af3ce6","messageTitle":"Add RoleComparatorTests","messageBody":"","fileTypesAndContributionMap":{"java":{"insertions":98,"deletions":34}}},{"hash":"888dfc781b52b10416719003fa48127ae8dcf52b","messageTitle":"Update DateTimeUtil.java","messageBody":"Set to strict style of parsing\n","fileTypesAndContributionMap":{"java":{"insertions":20,"deletions":16}}},{"hash":"361da8bdab4c2cca9ebd1f77d12bd111b8b65ab6","messageTitle":"Better error message","messageBody":"","fileTypesAndContributionMap":{"java":{"insertions":1,"deletions":1}}},{"hash":"44dde1985ce46966b9659aa6ab41ed0e53ae541d","messageTitle":"Add datetimeutil test cases","messageBody":"Fix checkstyle\n","fileTypesAndContributionMap":{"java":{"insertions":19,"deletions":6}}},{"hash":"0de06a85e66b3068da0dd93eaa063774d569257d","messageTitle":"Change default datetimeexpection","messageBody":"","fileTypesAndContributionMap":{"java":{"insertions":1,"deletions":1}}}]},{"date":"2020-04-05","commitResults":[{"hash":"8b15ebd7c7211e4f6ce4a1e8b25f2f9d17043865","messageTitle":"Fix checkstyle","messageBody":"","fileTypesAndContributionMap":{"java":{"insertions":20,"deletions":19}}},{"hash":"c69ad3d51700b13f3112f65ee9dc7971f496d8a0","messageTitle":"fix checkstyle","messageBody":"","fileTypesAndContributionMap":{"java":{"insertions":4,"deletions":21}}},{"hash":"a43b76ca824de163d4f04ab9681ac094106f9ebf","messageTitle":"Update AboutMe","messageBody":"","fileTypesAndContributionMap":{"adoc":{"insertions":9,"deletions":2}}},{"hash":"3695e94d9712757afb9f987e4c753f9f6fe954f8","messageTitle":"Update sort order","messageBody":"","fileTypesAndContributionMap":{"adoc":{"insertions":18,"deletions":4}}},{"hash":"673ec0d459cc221b77acecc5de4d707efe1eece7","messageTitle":"Update sort description","messageBody":"","fileTypesAndContributionMap":{"adoc":{"insertions":5,"deletions":3}}},{"hash":"e7e923ef4c42df4e17beaa292fd95cb39e45863a","messageTitle":"Update DG","messageBody":"","fileTypesAndContributionMap":{"puml":{"insertions":122,"deletions":0},"adoc":{"insertions":9,"deletions":7}}}]},{"date":"2020-04-07","commitResults":[{"hash":"dc563f07167a84bec466bf72629e92e480fc7199","messageTitle":"Status only requires first letter to work","messageBody":"","fileTypesAndContributionMap":{"java":{"insertions":23,"deletions":3}}},{"hash":"143d8bafd9370f5d721d0abdc9242ad64f3cf31f","messageTitle":"Use the correct badge","messageBody":"","fileTypesAndContributionMap":{"adoc":{"insertions":1,"deletions":1}}},{"hash":"2b17ec4a2dc7ff600d7fb02a0b0138c8fc6fbd9b","messageTitle":"Correct badge link","messageBody":"","fileTypesAndContributionMap":{"adoc":{"insertions":1,"deletions":1}}},{"hash":"42e390a31d1102084fd8ae4d83327c142bafc540","messageTitle":"Better phone regex","messageBody":"","fileTypesAndContributionMap":{"java":{"insertions":2,"deletions":2}}},{"hash":"603d247da29eab5f22c0fb8d321e79a34458e2c6","messageTitle":"Fix phone regex","messageBody":"","fileTypesAndContributionMap":{"java":{"insertions":2,"deletions":2}}},{"hash":"761f9e7dd2a6d98575afadb6e53ed45ea5478510","messageTitle":"better phone error","messageBody":"","fileTypesAndContributionMap":{"java":{"insertions":3,"deletions":2}}},{"hash":"b2aa5b0769acbf2fafdc3fd53791abaf6e1a350e","messageTitle":"Rename log file","messageBody":"","fileTypesAndContributionMap":{"java":{"insertions":1,"deletions":1}}},{"hash":"084d32b9c9be985b5fb11335c92b79da87881713","messageTitle":"rename address to diary","messageBody":"","fileTypesAndContributionMap":{"gradle":{"insertions":1,"deletions":1},"fxml":{"insertions":3,"deletions":3},"java":{"insertions":1637,"deletions":1637},"adoc":{"insertions":14,"deletions":14}}},{"hash":"548bbcb72f43d9d9bc74d4f9dd9a536e1d8e2fae","messageTitle":"Fix comments","messageBody":"","fileTypesAndContributionMap":{"java":{"insertions":5,"deletions":5}}},{"hash":"195ac251085930d8607e7327c822d25ef6f0338f","messageTitle":"Remove addressbook from UserPrefs","messageBody":"","fileTypesAndContributionMap":{"java":{"insertions":1,"deletions":7},"json":{"insertions":2,"deletions":2}}},{"hash":"68d12e3856cece946e75241678d8ec7a16a8fd39","messageTitle":"Update Storage.java","messageBody":"change variable name to internshipdiary\n","fileTypesAndContributionMap":{"java":{"insertions":1,"deletions":1}}},{"hash":"81acba77a37bcb835cd39605d76dba6ab256ba0e","messageTitle":"remove addressbook from tests","messageBody":"","fileTypesAndContributionMap":{"java":{"insertions":4,"deletions":4}}},{"hash":"5048ac09953d082d1602c8e22502618de3bec147","messageTitle":"Update DeveloperGuide.adoc","messageBody":"Fix links\n","fileTypesAndContributionMap":{"adoc":{"insertions":7,"deletions":7}}},{"hash":"c0e6799ad88757982bef30ba99d3cc398ee77cc7","messageTitle":"Update DeveloperGuide.adoc","messageBody":"","fileTypesAndContributionMap":{"adoc":{"insertions":1,"deletions":1}}},{"hash":"7aa3544a461874094eef5045eb96393317ed6275","messageTitle":"Caret at end when using command history","messageBody":"","fileTypesAndContributionMap":{"java":{"insertions":2,"deletions":0}}},{"hash":"21b61790928fb7fd6c8ada2e987dd88de71dcc95","messageTitle":"wrap result display","messageBody":"","fileTypesAndContributionMap":{"fxml":{"insertions":1,"deletions":1}}}]},{"date":"2020-04-09","commitResults":[{"hash":"84d351f8e2cd56265af9b2f763b663a7b3fb4047","messageTitle":"Add structure","messageBody":"","fileTypesAndContributionMap":{"adoc":{"insertions":26,"deletions":4}}},{"hash":"84be24afb9720b95329a07605b9b5d1f6474ec72","messageTitle":"Reformat","messageBody":"","fileTypesAndContributionMap":{"adoc":{"insertions":23,"deletions":18}}}]},{"date":"2020-04-10","commitResults":[{"hash":"d648fead2bec361487960e51460f046a0b9186c6","messageTitle":"Update docs a bit","messageBody":"","fileTypesAndContributionMap":{"adoc":{"insertions":16,"deletions":2}}},{"hash":"4e611adcba3570858255f2f81a998cdd470b27d8","messageTitle":"Update .gitignore","messageBody":"","fileTypesAndContributionMap":{"gitignore":{"insertions":2,"deletions":0}}},{"hash":"fc792049499311a00ab7a7ca2c239cc64989c81c","messageTitle":"add codestyle to project","messageBody":"","fileTypesAndContributionMap":{"gitignore":{"insertions":2,"deletions":2},"xml":{"insertions":54,"deletions":0}}},{"hash":"be3a6a0d9a9f25fbf51826bf0615362800756a3c","messageTitle":"pass checkstyle","messageBody":"","fileTypesAndContributionMap":{"xml":{"insertions":6,"deletions":5}}},{"hash":"5beb7ff13d9b24164ab0e501f9b0cc21d281aeb6","messageTitle":"Update codestyle","messageBody":"","fileTypesAndContributionMap":{"xml":{"insertions":5,"deletions":4}}},{"hash":"2f6e4b07e348f614f21eae6a2209b6ddfe5daa44","messageTitle":"Update gerhean.adoc","messageBody":"","fileTypesAndContributionMap":{"adoc":{"insertions":3,"deletions":2}}},{"hash":"1219b52c66adc062a876acc72a54b093e403ecd8","messageTitle":"Update gerhean.adoc","messageBody":"","fileTypesAndContributionMap":{"adoc":{"insertions":7,"deletions":6}}},{"hash":"24ce7849c0e3aaef65493b6b9d415b79e759a5e5","messageTitle":"update ppp","messageBody":"","fileTypesAndContributionMap":{"adoc":{"insertions":30,"deletions":12}}}]},{"date":"2020-04-11","commitResults":[{"hash":"80182f23d1ab316389fb5003bed87a1f56bf10a3","messageTitle":"Add command history feature to DG","messageBody":"","fileTypesAndContributionMap":{"puml":{"insertions":46,"deletions":0},"adoc":{"insertions":23,"deletions":0}}},{"hash":"d2dc310ac556195d32e3643e547b3f8f91e29a2f","messageTitle":"update uml commandhistoryactivity","messageBody":"","fileTypesAndContributionMap":{"puml":{"insertions":6,"deletions":6},"adoc":{"insertions":16,"deletions":0}}},{"hash":"84c2d2571d6116ae68a9490216ba94344217170c","messageTitle":"update history activity","messageBody":"","fileTypesAndContributionMap":{"puml":{"insertions":20,"deletions":7},"adoc":{"insertions":5,"deletions":3}}},{"hash":"776404c497050dc69b2524b228c8238f19444233","messageTitle":"Update codeStyleConfig.xml","messageBody":"","fileTypesAndContributionMap":{"xml":{"insertions":1,"deletions":1}}},{"hash":"80aa7b7a0321a70d88806ceb51d311529b4ea7ec","messageTitle":"finish command history docs","messageBody":"","fileTypesAndContributionMap":{"adoc":{"insertions":33,"deletions":2}}},{"hash":"3088e3154cd8a554da48afd2f86d9fcf9fd4c2f3","messageTitle":"Add sort manual testing","messageBody":"","fileTypesAndContributionMap":{"adoc":{"insertions":20,"deletions":3}}},{"hash":"5d206edace54a3bd92174cca2778fb20735faf90","messageTitle":"sort ignore case","messageBody":"","fileTypesAndContributionMap":{"java":{"insertions":2,"deletions":2}}},{"hash":"1fc72de921e3416b52af5ae3364746a76c11141f","messageTitle":"Update sort DG","messageBody":"","fileTypesAndContributionMap":{"adoc":{"insertions":25,"deletions":5}}},{"hash":"2698ca4628c48be674c9c7af359d581f80bf683a","messageTitle":"Add Codacy Badge","messageBody":"","fileTypesAndContributionMap":{"adoc":{"insertions":1,"deletions":2}}},{"hash":"76f9768db1c8fd3121ee73cabd81af2adaf52531","messageTitle":"Adjust Codacy Badge","messageBody":"","fileTypesAndContributionMap":{"adoc":{"insertions":1,"deletions":1}}},{"hash":"26a2022e3c19f13e18214cb63f88c8c5fcb41912","messageTitle":"Adjust Codacy Badge","messageBody":"","fileTypesAndContributionMap":{"adoc":{"insertions":1,"deletions":1}}},{"hash":"d5b3f26126c474ff15f0b965e0cbdf6fc439e87e","messageTitle":"Replace RuntimeException with IllegalStateException","messageBody":"","fileTypesAndContributionMap":{"java":{"insertions":5,"deletions":5}}},{"hash":"22aaf587cde607cce14530f81e64848db2a62a5c","messageTitle":"Avoid reassigning parameters","messageBody":"","fileTypesAndContributionMap":{"java":{"insertions":11,"deletions":11}}},{"hash":"2699e23e632a44608725a1398da09d1f588dd049","messageTitle":"fix checkstyle","messageBody":"","fileTypesAndContributionMap":{"java":{"insertions":1,"deletions":1}}},{"hash":"dfe94f8a8c6821dfc18208d9d987a940d6c3e71e","messageTitle":"Prettify code","messageBody":"","fileTypesAndContributionMap":{"java":{"insertions":68,"deletions":64}}},{"hash":"da0710851638bc15c326dc872ad0423ed7e3ed14","messageTitle":"Update InternshipApplication.java","messageBody":"","fileTypesAndContributionMap":{"java":{"insertions":37,"deletions":29}}},{"hash":"233e0606174d6866de1ef8dd6e915ce12e9041ed","messageTitle":"SImplify Assertions","messageBody":"","fileTypesAndContributionMap":{"java":{"insertions":20,"deletions":18}}},{"hash":"0f5767261111563705092eef23c00bc3f0ec4ff3","messageTitle":"fix string equality","messageBody":"","fileTypesAndContributionMap":{"java":{"insertions":4,"deletions":4}}},{"hash":"7c7e634dc42b459c9d90eb13b66ace4f5d5e5d3a","messageTitle":"remove usused local var","messageBody":"","fileTypesAndContributionMap":{"java":{"insertions":0,"deletions":2}}},{"hash":"6474dc61bec4b912138d162d8645a300d8135a9b","messageTitle":"use equals","messageBody":"","fileTypesAndContributionMap":{"java":{"insertions":1,"deletions":1}}},{"hash":"a2f1debd44c76cc3b04a4cc23640af10b4829068","messageTitle":"Use explicit scoping instead of the default package private level","messageBody":"","fileTypesAndContributionMap":{"java":{"insertions":14,"deletions":15}}},{"hash":"e508b9357110ac0f3b85ba0634943b2c6319bb39","messageTitle":"simplify assertions","messageBody":"","fileTypesAndContributionMap":{"java":{"insertions":33,"deletions":18}}},{"hash":"407b5c7edab2f27e7b1159f57a78a3c3699faac8","messageTitle":"simpify assertions","messageBody":"","fileTypesAndContributionMap":{"java":{"insertions":6,"deletions":5}}}]},{"date":"2020-04-12","commitResults":[{"hash":"d0a7d70eccdc21237b83c9277f083472d2c4027b","messageTitle":"Update CommandHistoryActivityDiagram.puml","messageBody":"","fileTypesAndContributionMap":{"puml":{"insertions":18,"deletions":20}}},{"hash":"ead43997d2112b79a1a977046124b7ca86b8c1e0","messageTitle":"Fix sort","messageBody":"","fileTypesAndContributionMap":{"java":{"insertions":3,"deletions":0}}},{"hash":"fd49403b3c0cbb5daa35de5094052c1b606464aa","messageTitle":"Update user guide","messageBody":"","fileTypesAndContributionMap":{"adoc":{"insertions":10,"deletions":1}}},{"hash":"b242107fc9bf3861511b83f78b06bea5ce646f8c","messageTitle":"add use case","messageBody":"","fileTypesAndContributionMap":{"adoc":{"insertions":24,"deletions":5}}},{"hash":"f4133976662ffd011428a2c17ae3186d50ce20a3","messageTitle":"Fix display problems","messageBody":"","fileTypesAndContributionMap":{"adoc":{"insertions":4,"deletions":4}}},{"hash":"2a5c6cefe15120fba526d461299d2e9cd340f0ed","messageTitle":"some doc update","messageBody":"","fileTypesAndContributionMap":{"adoc":{"insertions":8,"deletions":7}}},{"hash":"df7dba1272d8a48aa63d0a8d83de00a41b94cea2","messageTitle":"split up the history diagram","messageBody":"","fileTypesAndContributionMap":{"puml":{"insertions":59,"deletions":40}}},{"hash":"ad7e01baae8576a437c9895ff0ce9ac583e81d60","messageTitle":"Update activity diagram","messageBody":"","fileTypesAndContributionMap":{"adoc":{"insertions":6,"deletions":1}}},{"hash":"c31556b07370b2611b519791778cff9bcdcafc13","messageTitle":"Add comparator class diagram","messageBody":"","fileTypesAndContributionMap":{"puml":{"insertions":37,"deletions":0},"adoc":{"insertions":15,"deletions":3}}},{"hash":"cbe792dc0080c4b7564d6c1610e0e215c3739d42","messageTitle":"Update PPP","messageBody":"","fileTypesAndContributionMap":{"adoc":{"insertions":22,"deletions":4}}},{"hash":"9405812fdc8f20a9ea80989839b5c12a135eebbf","messageTitle":"Add sort picture","messageBody":"","fileTypesAndContributionMap":{"adoc":{"insertions":27,"deletions":4}}},{"hash":"6d402ae6fa1b6758890500e403aa498255e4732c","messageTitle":"Update Status Values","messageBody":"","fileTypesAndContributionMap":{"adoc":{"insertions":9,"deletions":6}}},{"hash":"c27ff5dc8dedc7ca3b445e900c0cb4015c986f74","messageTitle":"update docs more","messageBody":"","fileTypesAndContributionMap":{"puml":{"insertions":10,"deletions":3},"adoc":{"insertions":23,"deletions":11}}},{"hash":"658963adf5001b21d7311cef647f34270a8e3979","messageTitle":"Remove minus sign","messageBody":"","fileTypesAndContributionMap":{"adoc":{"insertions":6,"deletions":6}}}]},{"date":"2020-04-13","commitResults":[{"hash":"6567cf0d1a595d1532a44559457f32e9a7f7a736","messageTitle":"update ug abit","messageBody":"","fileTypesAndContributionMap":{"puml":{"insertions":2,"deletions":2},"adoc":{"insertions":8,"deletions":2}}},{"hash":"6e7b71caba71d8d11572fd266cf17bd6e5de90d6","messageTitle":"Update class diagram","messageBody":"","fileTypesAndContributionMap":{"puml":{"insertions":9,"deletions":1}}},{"hash":"ff54308d25309f112b438627667f063bf4877e6e","messageTitle":"Change back to interface","messageBody":"","fileTypesAndContributionMap":{"puml":{"insertions":1,"deletions":1}}},{"hash":"3c701b4b3438225302982448ef7f6a5dc58f3791","messageTitle":"Update gerhean.adoc","messageBody":"","fileTypesAndContributionMap":{"adoc":{"insertions":9,"deletions":7}}},{"hash":"625cca9e12c5e9880eac4190d76fbb8a02219207","messageTitle":"Update gerhean.adoc","messageBody":"","fileTypesAndContributionMap":{"adoc":{"insertions":2,"deletions":0}}},{"hash":"cdf351847c21be1d55bcf9dc970de1cf45bc9d0b","messageTitle":"Update gerhean.adoc","messageBody":"","fileTypesAndContributionMap":{"adoc":{"insertions":1,"deletions":1}}},{"hash":"60e333144c2e676dd8014a735b8e46d0dc0e7338","messageTitle":"Update internal ug","messageBody":"","fileTypesAndContributionMap":{"html":{"insertions":1129,"deletions":294}}},{"hash":"3f8154b6b7fa7657499fea92c36c7aa3860954fe","messageTitle":"Update gerhean.adoc","messageBody":"","fileTypesAndContributionMap":{"adoc":{"insertions":1,"deletions":1}}},{"hash":"966fc479183c573f44bf95031bc721f5dc27db06","messageTitle":"add better print","messageBody":"","fileTypesAndContributionMap":{"css":{"insertions":7,"deletions":0}}},{"hash":"5bef685278682a13bfe9dd5ff3d71d5d0d1279c1","messageTitle":"Update gh-pages.css","messageBody":"","fileTypesAndContributionMap":{"css":{"insertions":7,"deletions":7}}},{"hash":"ce3939291271f86b3d99b525a6b8588598491c63","messageTitle":"get rid of some stuff","messageBody":"","fileTypesAndContributionMap":{"adoc":{"insertions":19,"deletions":19}}}]}]},"authorFileTypeContributionMap":{"gerhean":{"gitignore":3,"xml":56,"adoc":447,"gradle":11,"puml":355,"css":628,"java":4697,"html":1764,"fxml":68,"json":80}},"authorContributionVariance":{"gerhean":457863.6},"authorDisplayNameMap":{"gerhean":"gerhean"}}
