[{"path":"docs/Ui.png","fileType":"png","isBinary":true,"lines":[],"authorContributionMap":{"-":0}},{"path":"gradle/wrapper/gradle-wrapper.jar","fileType":"jar","isBinary":true,"lines":[],"authorContributionMap":{"-":0}},{"path":"src/main/resources/images/duke_blush.png","fileType":"png","isBinary":true,"lines":[],"authorContributionMap":{"-":0}},{"path":"src/main/resources/images/duke_happy.png","fileType":"png","isBinary":true,"lines":[],"authorContributionMap":{"-":0}},{"path":"src/main/resources/images/duke_sad.png","fileType":"png","isBinary":true,"lines":[],"authorContributionMap":{"-":0}},{"path":"src/main/resources/images/duke_surprised.png","fileType":"png","isBinary":true,"lines":[],"authorContributionMap":{"-":0}},{"path":"src/main/resources/images/heart_background.jpg","fileType":"jpg","isBinary":true,"lines":[],"authorContributionMap":{"-":0}},{"path":"src/main/resources/images/user_default.png","fileType":"png","isBinary":true,"lines":[],"authorContributionMap":{"-":0}},{"path":"src/main/resources/sound/02-actually.wav","fileType":"wav","isBinary":true,"lines":[],"authorContributionMap":{"-":0}},{"path":"src/main/resources/sound/02-goodbye.wav","fileType":"wav","isBinary":true,"lines":[],"authorContributionMap":{"-":0}},{"path":"src/main/resources/sound/02-hello.wav","fileType":"wav","isBinary":true,"lines":[],"authorContributionMap":{"-":0}},{"path":"src/main/resources/sound/02-hey.wav","fileType":"wav","isBinary":true,"lines":[],"authorContributionMap":{"-":0}},{"path":"src/main/resources/sound/02-is_this_what_you_like.wav","fileType":"wav","isBinary":true,"lines":[],"authorContributionMap":{"-":0}},{"path":"src/main/resources/sound/02-laughter.wav","fileType":"wav","isBinary":true,"lines":[],"authorContributionMap":{"-":0}},{"path":"src/main/resources/sound/02-oh_is_this_the_kinda_thing_youre_into.wav","fileType":"wav","isBinary":true,"lines":[],"authorContributionMap":{"-":0}},{"path":"src/main/resources/sound/02-okay.wav","fileType":"wav","isBinary":true,"lines":[],"authorContributionMap":{"-":0}},{"path":"src/main/resources/sound/02-what.wav","fileType":"wav","isBinary":true,"lines":[],"authorContributionMap":{"-":0}}]
