[{"path":"public/assets/alien_and_cows.png","fileType":"png","isBinary":true,"lines":[],"authorContributionMap":{"-":0}},{"path":"public/assets/alien_league.png","fileType":"png","isBinary":true,"lines":[],"authorContributionMap":{"-":0}},{"path":"public/assets/pixel.png","fileType":"png","isBinary":true,"lines":[],"authorContributionMap":{"-":0}},{"path":"public/assets/zekton.png","fileType":"png","isBinary":true,"lines":[],"authorContributionMap":{"-":0}},{"path":"public/assets/zekton_dark.png","fileType":"png","isBinary":true,"lines":[],"authorContributionMap":{"-":0}},{"path":"public/externalLibs/faceapi/models/age_gender_model-shard1","fileType":"other","isBinary":true,"lines":[],"authorContributionMap":{"-":0}},{"path":"public/externalLibs/faceapi/models/face_expression_model-shard1","fileType":"other","isBinary":true,"lines":[],"authorContributionMap":{"-":0}},{"path":"public/externalLibs/faceapi/models/face_landmark_68_model-shard1","fileType":"other","isBinary":true,"lines":[],"authorContributionMap":{"-":0}},{"path":"public/externalLibs/faceapi/models/face_landmark_68_tiny_model-shard1","fileType":"other","isBinary":true,"lines":[],"authorContributionMap":{"-":0}},{"path":"public/externalLibs/faceapi/models/face_recognition_model-shard1","fileType":"other","isBinary":true,"lines":[],"authorContributionMap":{"-":0}},{"path":"public/externalLibs/faceapi/models/mtcnn_model-shard1","fileType":"other","isBinary":true,"lines":[],"authorContributionMap":{"-":0}},{"path":"public/externalLibs/faceapi/models/ssd_mobilenetv1_model-shard1","fileType":"other","isBinary":true,"lines":[],"authorContributionMap":{"-":0}},{"path":"public/externalLibs/faceapi/models/tiny_face_detector_model-shard1","fileType":"other","isBinary":true,"lines":[],"authorContributionMap":{"-":0}},{"path":"public/icons/android-chrome-192x192.png","fileType":"png","isBinary":true,"lines":[],"authorContributionMap":{"-":0}},{"path":"public/icons/android-chrome-256x256.png","fileType":"png","isBinary":true,"lines":[],"authorContributionMap":{"-":0}},{"path":"public/icons/apple-touch-icon.png","fileType":"png","isBinary":true,"lines":[],"authorContributionMap":{"-":0}},{"path":"public/icons/favicon.ico","fileType":"ico","isBinary":true,"lines":[],"authorContributionMap":{"-":0}},{"path":"public/icons/maskable.png","fileType":"png","isBinary":true,"lines":[],"authorContributionMap":{"-":0}},{"path":"src/assets/academy_background.jpg","fileType":"jpg","isBinary":true,"lines":[],"authorContributionMap":{"-":0}},{"path":"src/assets/default_cover_image.jpg","fileType":"jpg","isBinary":true,"lines":[],"authorContributionMap":{"-":0}},{"path":"src/assets/login_background.jpg","fileType":"jpg","isBinary":true,"lines":[],"authorContributionMap":{"-":0}},{"path":"src/assets/no_page_background.jpg","fileType":"jpg","isBinary":true,"lines":[],"authorContributionMap":{"-":0}}]
