{"authorDailyContributionsMap":{"gerhean":[{"date":"2019-02-08","commitResults":[{"hash":"88d482414bb85383689b4ff5ccdbd789bc726a67","messageTitle":"Update readme (#435)","messageBody":"","fileTypesAndContributionMap":{"md":{"insertions":7,"deletions":1}}}]},{"date":"2019-03-01","commitResults":[{"hash":"5a4ca94b3ee139f242483df63cf308c603539050","messageTitle":"Added mission-testing readme (#448)","messageBody":"* Added mission-testing readme\r\n\r\n* minor change\r\n\r\n* minor stuff\r\n\r\n* minor changes2\r\n","fileTypesAndContributionMap":{"md":{"insertions":10,"deletions":4}}}]},{"date":"2019-03-19","commitResults":[{"hash":"9252cb9900c5553e2e5b14ed29ccbbb6797a9a12","messageTitle":"changed mission-testing to mission-editing (#482)","messageBody":"new branch for testing missions\r\nold branch outdated","fileTypesAndContributionMap":{"md":{"insertions":2,"deletions":2}}}]},{"date":"2019-03-20","commitResults":[{"hash":"c93fb65f26159d702e012632347cfc01f752b777","messageTitle":"Update README.md (#484)","messageBody":"minor change in mission-editing instructions","fileTypesAndContributionMap":{"md":{"insertions":2,"deletions":2}}}]},{"date":"2019-06-20","commitResults":[{"hash":"e56b30d482c69498255bfe98d186f58da1254a28","messageTitle":"Mission control add autograder (#594)","messageBody":"* added mission control comments\r\n\r\n* fix xml parse\r\n\r\n* autograder added to mission control\r\n\r\ntesting only, no editing and has many bugs\r\n\r\n* Autograder editing complete\r\n\r\n* npm format\r\n\r\n* fixed xml exports\r\n\r\n* added pre/postpend\r\n\r\n* fix bugs\r\n","fileTypesAndContributionMap":{"tsx":{"insertions":256,"deletions":49},"ts":{"insertions":109,"deletions":20}}}]},{"date":"2019-07-29","commitResults":[{"hash":"84cd3ace80afbb44a132ccd6720cad1f8993992c","messageTitle":"added numbers (#730)","messageBody":"issue #729","fileTypesAndContributionMap":{"tsx":{"insertions":6,"deletions":0},"ts":{"insertions":8,"deletions":4}}}]}]},"authorFileTypeContributionMap":{"gerhean":{}},"authorContributionVariance":{"gerhean":1090.8228},"authorDisplayNameMap":{"gerhean":"gerhean"}}
