{"repoSenseVersion":"1fc7a9dee9","reportGeneratedTime":"Wed Sep 1 10:47:13 2021 UTC+08:00","reportGenerationTime":" 1 minute(s) 14.97 second(s)","zoneId":"UTC+08:00","reportTitle":"RepoSense Report","repos":[{"location":{"location":"https://github.com/knotstoks/iwonbyalot.git","repoName":"iwonbyalot","organization":"knotstoks"},"branch":"master","displayName":"knotstoks/iwonbyalot[master]","outputFolderName":"knotstoks_iwonbyalot_master"},{"location":{"location":"https://github.com/gerhean/multasko-frontend.git","repoName":"multasko-frontend","organization":"gerhean"},"branch":"master","displayName":"gerhean/multasko-frontend[master]","outputFolderName":"gerhean_multasko-frontend_master"},{"location":{"location":"https://github.com/gerhean/gerhean_hugo_site.git","repoName":"gerhean_hugo_site","organization":"gerhean"},"branch":"master","displayName":"gerhean/gerhean_hugo_site[master]","outputFolderName":"gerhean_gerhean_hugo_site_master"},{"location":{"location":"https://github.com/gerhean/duke.git","repoName":"duke","organization":"gerhean"},"branch":"master","displayName":"gerhean/duke[master]","outputFolderName":"gerhean_duke_master"},{"location":{"location":"https://github.com/gerhean/orbital-flex.git","repoName":"orbital-flex","organization":"gerhean"},"branch":"master","displayName":"gerhean/orbital-flex[master]","outputFolderName":"gerhean_orbital-flex_master"},{"location":{"location":"https://github.com/source-academy/cadet-frontend.git","repoName":"cadet-frontend","organization":"source-academy"},"branch":"master","displayName":"source-academy/cadet-frontend[master]","outputFolderName":"source-academy_cadet-frontend_master"},{"location":{"location":"https://github.com/source-academy/sicp.git","repoName":"sicp","organization":"source-academy"},"branch":"master","displayName":"source-academy/sicp[master]","outputFolderName":"source-academy_sicp_master"}],"errorList":[{"repoName":"AY1920S2-CS2103T-F10-2/main[master]","errorMessage":"Unexpected error stack trace for https://github.com/AY1920S2-CS2103T-F10-2/main.git:\n\u003ejava.lang.RuntimeException: reposense.system.CommandRunnerProcessException: Error returned from command git log --pretty\u003dformat:\"%an\t%ae\"  --since\u003d\"292269055-12-02T16:47:04UTC\" --until\u003d\"2021-09-01T15:59:59UTC\" \"docs/images/add-remark/$Remark.png\"on path repos/AY1920S2-CS2103T-F10-2_main/main :\nfatal: ambiguous argument \u0027docs/images/add-remark/.png\u0027: unknown revision or path not in the working tree.\nUse \u0027--\u0027 to separate paths from revisions, like this:\n\u0027git \u003ccommand\u003e [\u003crevision\u003e...] -- [\u003cfile\u003e...]\u0027\n\n\tat reposense.system.CommandRunner.runCommand(CommandRunner.java:21)\n\tat reposense.git.GitLog.getBinaryFileAuthors(GitLog.java:66)\n\tat reposense.authorship.FileInfoAnalyzer.generateBinaryFileResult(FileInfoAnalyzer.java:114)\n\tat reposense.authorship.FileInfoAnalyzer.analyzeBinaryFile(FileInfoAnalyzer.java:91)\n\tat reposense.authorship.AuthorshipReporter.lambda$generateAuthorshipSummary$2(AuthorshipReporter.java:51)\n\tat java.base/java.util.stream.ReferencePipeline$3$1.accept(ReferencePipeline.java:195)\n\tat java.base/java.util.ArrayList$ArrayListSpliterator.forEachRemaining(ArrayList.java:1655)\n\tat java.base/java.util.stream.AbstractPipeline.copyInto(AbstractPipeline.java:484)\n\tat java.base/java.util.stream.AbstractPipeline.wrapAndCopyInto(AbstractPipeline.java:474)\n\tat java.base/java.util.stream.ReduceOps$ReduceOp.evaluateSequential(ReduceOps.java:913)\n\tat java.base/java.util.stream.AbstractPipeline.evaluate(AbstractPipeline.java:234)\n\tat java.base/java.util.stream.ReferencePipeline.collect(ReferencePipeline.java:578)\n\tat reposense.authorship.AuthorshipReporter.generateAuthorshipSummary(AuthorshipReporter.java:53)\n\tat reposense.report.ReportGenerator.analyzeRepo(ReportGenerator.java:346)\n\tat reposense.report.ReportGenerator.analyzeRepos(ReportGenerator.java:303)\n\tat reposense.report.ReportGenerator.lambda$cloneAndAnalyzeRepos$1(ReportGenerator.java:214)\n\tat java.base/java.util.concurrent.CompletableFuture$UniApply.tryFire(CompletableFuture.java:642)\n\tat java.base/java.util.concurrent.CompletableFuture$Completion.run(CompletableFuture.java:478)\n\tat java.base/java.util.concurrent.ThreadPoolExecutor.runWorker(ThreadPoolExecutor.java:1128)\n\tat java.base/java.util.concurrent.ThreadPoolExecutor$Worker.run(ThreadPoolExecutor.java:628)\n\tat java.base/java.lang.Thread.run(Thread.java:829)\nCaused by: reposense.system.CommandRunnerProcessException: Error returned from command git log --pretty\u003dformat:\"%an\t%ae\"  --since\u003d\"292269055-12-02T16:47:04UTC\" --until\u003d\"2021-09-01T15:59:59UTC\" \"docs/images/add-remark/$Remark.png\"on path repos/AY1920S2-CS2103T-F10-2_main/main :\nfatal: ambiguous argument \u0027docs/images/add-remark/.png\u0027: unknown revision or path not in the working tree.\nUse \u0027--\u0027 to separate paths from revisions, like this:\n\u0027git \u003ccommand\u003e [\u003crevision\u003e...] -- [\u003cfile\u003e...]\u0027\n\n\tat reposense.system.CommandRunnerProcess.waitForProcess(CommandRunnerProcess.java:44)\n\tat reposense.system.CommandRunner.runCommand(CommandRunner.java:19)\n\t... 20 more\n"},{"repoName":"reposense/RepoSense[master]","errorMessage":"Unexpected error stack trace for https://github.com/reposense/RepoSense.git:\n\u003ejava.lang.RuntimeException: reposense.system.CommandRunnerProcessException: Error returned from command git blame -w --line-porcelain \"src/test/resources/TestUtilTest/symbols +-,.;\u0027[]{}~`!@#$%^\u0026()_-+\u003dtest.txt\"on path repos/reposense_RepoSense/RepoSense :\nbash: -c: line 0: unexpected EOF while looking for matching ``\u0027\nbash: -c: line 1: syntax error: unexpected end of file\n\n\tat reposense.system.CommandRunner.runCommand(CommandRunner.java:21)\n\tat reposense.git.GitBlame.blame(GitBlame.java:34)\n\tat reposense.authorship.FileInfoAnalyzer.getGitBlameResult(FileInfoAnalyzer.java:181)\n\tat reposense.authorship.FileInfoAnalyzer.aggregateBlameAuthorModifiedAndDateInfo(FileInfoAnalyzer.java:141)\n\tat reposense.authorship.FileInfoAnalyzer.analyzeTextFile(FileInfoAnalyzer.java:63)\n\tat reposense.authorship.AuthorshipReporter.lambda$generateAuthorshipSummary$1(AuthorshipReporter.java:44)\n\tat java.base/java.util.stream.ReferencePipeline$3$1.accept(ReferencePipeline.java:195)\n\tat java.base/java.util.ArrayList$ArrayListSpliterator.forEachRemaining(ArrayList.java:1655)\n\tat java.base/java.util.stream.AbstractPipeline.copyInto(AbstractPipeline.java:484)\n\tat java.base/java.util.stream.AbstractPipeline.wrapAndCopyInto(AbstractPipeline.java:474)\n\tat java.base/java.util.stream.ReduceOps$ReduceOp.evaluateSequential(ReduceOps.java:913)\n\tat java.base/java.util.stream.AbstractPipeline.evaluate(AbstractPipeline.java:234)\n\tat java.base/java.util.stream.ReferencePipeline.collect(ReferencePipeline.java:578)\n\tat reposense.authorship.AuthorshipReporter.generateAuthorshipSummary(AuthorshipReporter.java:46)\n\tat reposense.report.ReportGenerator.analyzeRepo(ReportGenerator.java:346)\n\tat reposense.report.ReportGenerator.analyzeRepos(ReportGenerator.java:303)\n\tat reposense.report.ReportGenerator.lambda$cloneAndAnalyzeRepos$1(ReportGenerator.java:214)\n\tat java.base/java.util.concurrent.CompletableFuture$UniApply.tryFire(CompletableFuture.java:642)\n\tat java.base/java.util.concurrent.CompletableFuture$Completion.run(CompletableFuture.java:478)\n\tat java.base/java.util.concurrent.ThreadPoolExecutor.runWorker(ThreadPoolExecutor.java:1128)\n\tat java.base/java.util.concurrent.ThreadPoolExecutor$Worker.run(ThreadPoolExecutor.java:628)\n\tat java.base/java.lang.Thread.run(Thread.java:829)\nCaused by: reposense.system.CommandRunnerProcessException: Error returned from command git blame -w --line-porcelain \"src/test/resources/TestUtilTest/symbols +-,.;\u0027[]{}~`!@#$%^\u0026()_-+\u003dtest.txt\"on path repos/reposense_RepoSense/RepoSense :\nbash: -c: line 0: unexpected EOF while looking for matching ``\u0027\nbash: -c: line 1: syntax error: unexpected end of file\n\n\tat reposense.system.CommandRunnerProcess.waitForProcess(CommandRunnerProcess.java:44)\n\tat reposense.system.CommandRunner.runCommand(CommandRunner.java:19)\n\t... 21 more\n"}],"sinceDate":"292269055-12-03","untilDate":"2021-09-01","isSinceDateProvided":true,"isUntilDateProvided":false}
