{"repoSenseVersion":"c8381c99dc","reportGeneratedTime":"Mon Feb 1 05:44:16 2021 UTC","reportGenerationTime":" 14.57 second(s)","zoneId":"Etc/UTC","reportTitle":"RepoSense Report","repos":[{"location":{"location":"https://github.com/reposense/RepoSense.git","repoName":"RepoSense","organization":"reposense"},"branch":"master","displayName":"reposense/RepoSense[master]","outputFolderName":"reposense_RepoSense_master"},{"location":{"location":"https://github.com/gerhean/iwonbyalot.git","repoName":"iwonbyalot","organization":"gerhean"},"branch":"master","displayName":"gerhean/iwonbyalot[master]","outputFolderName":"gerhean_iwonbyalot_master"}],"errorList":[],"sinceDate":"2021-01-01","untilDate":"2021-02-01","isSinceDateProvided":false,"isUntilDateProvided":false}
