{"repoSenseVersion":"c8381c99dc","reportGeneratedTime":"Mon Feb 1 17:56:47 2021 UTC+08:00","reportGenerationTime":" 1 minute(s) 55.37 second(s)","zoneId":"UTC+08:00","reportTitle":"RepoSense Report","repos":[{"location":{"location":"https://github.com/reposense/RepoSense.git","repoName":"RepoSense","organization":"reposense"},"branch":"master","displayName":"reposense/RepoSense[master]","outputFolderName":"reposense_RepoSense_master"},{"location":{"location":"https://github.com/knotstoks/iwonbyalot.git","repoName":"iwonbyalot","organization":"knotstoks"},"branch":"master","displayName":"knotstoks/iwonbyalot[master]","outputFolderName":"knotstoks_iwonbyalot_master"},{"location":{"location":"https://github.com/gerhean/multasko-frontend.git","repoName":"multasko-frontend","organization":"gerhean"},"branch":"master","displayName":"gerhean/multasko-frontend[master]","outputFolderName":"gerhean_multasko-frontend_master"},{"location":{"location":"https://github.com/gerhean/gerhean_hugo_site.git","repoName":"gerhean_hugo_site","organization":"gerhean"},"branch":"master","displayName":"gerhean/gerhean_hugo_site[master]","outputFolderName":"gerhean_gerhean_hugo_site_master"},{"location":{"location":"https://github.com/gerhean/duke.git","repoName":"duke","organization":"gerhean"},"branch":"master","displayName":"gerhean/duke[master]","outputFolderName":"gerhean_duke_master"},{"location":{"location":"https://github.com/AY1920S2-CS2103T-F10-2/main.git","repoName":"main","organization":"AY1920S2-CS2103T-F10-2"},"branch":"master","displayName":"AY1920S2-CS2103T-F10-2/main[master]","outputFolderName":"AY1920S2-CS2103T-F10-2_main_master"},{"location":{"location":"https://github.com/gerhean/orbital-flex.git","repoName":"orbital-flex","organization":"gerhean"},"branch":"master","displayName":"gerhean/orbital-flex[master]","outputFolderName":"gerhean_orbital-flex_master"},{"location":{"location":"https://github.com/source-academy/cadet-frontend.git","repoName":"cadet-frontend","organization":"source-academy"},"branch":"master","displayName":"source-academy/cadet-frontend[master]","outputFolderName":"source-academy_cadet-frontend_master"},{"location":{"location":"https://github.com/source-academy/sicp.git","repoName":"sicp","organization":"source-academy"},"branch":"master","displayName":"source-academy/sicp[master]","outputFolderName":"source-academy_sicp_master"}],"errorList":[],"sinceDate":"2019-02-08","untilDate":"2021-02-01","isSinceDateProvided":true,"isUntilDateProvided":false}
