{"authorDailyContributionsMap":{"Chan Ger Hean":[{"date":"2021-01-06","commitResults":[{"hash":"942ac658c549bb4b37cc13d9eafd98927febbe47","messageTitle":"Create README.md","messageBody":"","fileTypesAndContributionMap":{"md":{"insertions":1,"deletions":0}}}]},{"date":"2021-01-09","commitResults":[{"hash":"71b8d4254c6e0aea909c18cde051e840c3417c97","messageTitle":"Update README.md","messageBody":"","fileTypesAndContributionMap":{"md":{"insertions":2,"deletions":0}}}]}],"redpelican2108":[{"date":"2021-01-04","commitResults":[{"hash":"6d3b0e0be49314c9de70d0680d3d7f5f15990362","messageTitle":"Added Prototype functioning buttons","messageBody":"","fileTypesAndContributionMap":{"cs":{"insertions":199,"deletions":33},"unity":{"insertions":235,"deletions":21},"meta":{"insertions":34,"deletions":9},"json":{"insertions":1,"deletions":1}}}]},{"date":"2021-01-05","commitResults":[{"hash":"254a5c8ec35f8f0d2cac076517e84ccf60c2e764","messageTitle":"finished level 1,resource bars, votes calculations","messageBody":"","fileTypesAndContributionMap":{"cs":{"insertions":65,"deletions":6},"unity":{"insertions":173,"deletions":7}}}]},{"date":"2021-01-06","commitResults":[{"hash":"ca0a1fa6be34171718bbf3140b61bbd858a4dc5a","messageTitle":"changes to resource bar","messageBody":"","fileTypesAndContributionMap":{"prefab":{"insertions":1399,"deletions":0},"cs":{"insertions":22,"deletions":9},"unity":{"insertions":53,"deletions":915},"meta":{"insertions":36,"deletions":0},"asset":{"insertions":14,"deletions":0}}}]},{"date":"2021-01-07","commitResults":[{"hash":"6a8726dd4d721f7c69e8ed5555b80f380f635ccd","messageTitle":"tweaked map","messageBody":"","fileTypesAndContributionMap":{"cs":{"insertions":16,"deletions":8},"unity":{"insertions":35,"deletions":65},"meta":{"insertions":3,"deletions":3},"asset":{"insertions":22,"deletions":0}}},{"hash":"d56a626c13d0c5f056bd0f2858366591c9fdc7a5","messageTitle":"made map interactable","messageBody":"","fileTypesAndContributionMap":{"prefab":{"insertions":12,"deletions":11},"cs":{"insertions":25,"deletions":1},"unity":{"insertions":34,"deletions":896},"meta":{"insertions":11,"deletions":0},"asset":{"insertions":1,"deletions":0}}}]},{"date":"2021-01-08","commitResults":[{"hash":"29b3cbfc50c24b005f1f8e75207c8df0be7435d5","messageTitle":"ending scene","messageBody":"","fileTypesAndContributionMap":{"cs":{"insertions":23,"deletions":6},"unity":{"insertions":6,"deletions":7},"meta":{"insertions":8,"deletions":0},"asset":{"insertions":25,"deletions":0}}},{"hash":"c8d6aa39f812855107e00e9164691e56ffe708a8","messageTitle":"did something","messageBody":"","fileTypesAndContributionMap":{"prefab":{"insertions":10,"deletions":5},"cs":{"insertions":17,"deletions":8},"meta":{"insertions":0,"deletions":8},"asset":{"insertions":3,"deletions":2}}},{"hash":"66361f7d71999f0ac1a7b00b2e794cff5b69d559","messageTitle":"finished speech UI","messageBody":"","fileTypesAndContributionMap":{"cs":{"insertions":169,"deletions":12},"prefab":{"insertions":236,"deletions":5},"unity":{"insertions":739,"deletions":5},"meta":{"insertions":40,"deletions":0},"asset":{"insertions":5,"deletions":19}}},{"hash":"d33ed25e0ae380a54cd83d35cd9ffb636a90730c","messageTitle":"fixed SpeechUI bug","messageBody":"","fileTypesAndContributionMap":{"prefab":{"insertions":103,"deletions":92},"cs":{"insertions":22,"deletions":8}}},{"hash":"69877600650343e90a50d82e475da6f5db449af5","messageTitle":"minor bugs","messageBody":"","fileTypesAndContributionMap":{"cs":{"insertions":3,"deletions":2}}},{"hash":"28a7f3e94978b74f41cf78de684f2b72b65c3775","messageTitle":"assigned icons, stress and charisma calculation","messageBody":"","fileTypesAndContributionMap":{"prefab":{"insertions":156,"deletions":4},"cs":{"insertions":77,"deletions":14},"unity":{"insertions":10,"deletions":7},"asset":{"insertions":24,"deletions":5}}},{"hash":"090a24510961378399739802116aa2e08ad887e2","messageTitle":"bugs","messageBody":"","fileTypesAndContributionMap":{"cs":{"insertions":4,"deletions":1},"meta":{"insertions":0,"deletions":16},"asset":{"insertions":5,"deletions":2}}},{"hash":"04fda11ed65ddcd3608f302194cfc61960c705b9","messageTitle":"tweaked stress calculation","messageBody":"","fileTypesAndContributionMap":{"cs":{"insertions":10,"deletions":11},"unity":{"insertions":8,"deletions":8}}}]},{"date":"2021-01-09","commitResults":[{"hash":"43bac797cffe6bd35c44b270808918401811f1ee","messageTitle":"completed research action","messageBody":"","fileTypesAndContributionMap":{"cs":{"insertions":97,"deletions":12},"unity":{"insertions":8,"deletions":3},"meta":{"insertions":3,"deletions":11},"asset":{"insertions":32,"deletions":2}}},{"hash":"e18c6f430c08778e0996f2fd2b29387aee60fba6","messageTitle":"fixed bugs","messageBody":"","fileTypesAndContributionMap":{"cs":{"insertions":5,"deletions":8},"unity":{"insertions":17,"deletions":17},"meta":{"insertions":0,"deletions":16}}},{"hash":"bd39d1e67053572fbe425d03d171d0efcd923963","messageTitle":"bugs","messageBody":"","fileTypesAndContributionMap":{"cs":{"insertions":3,"deletions":0},"asset":{"insertions":3,"deletions":3}}},{"hash":"c698de5ecede61ede52311e69039b6f011eb7711","messageTitle":"solved voting bug","messageBody":"","fileTypesAndContributionMap":{"cs":{"insertions":3,"deletions":2}}},{"hash":"402e05bff6d04f9fc7f11fef999dc3a28547275a","messageTitle":"Added LevelThreeMap","messageBody":"","fileTypesAndContributionMap":{"prefab":{"insertions":903,"deletions":182},"cs":{"insertions":2,"deletions":0},"meta":{"insertions":0,"deletions":16}}},{"hash":"33c19f6ec28ca97327f303b60d927dfa89be7b61","messageTitle":"added random events values","messageBody":"","fileTypesAndContributionMap":{"prefab":{"insertions":1,"deletions":1},"cs":{"insertions":15,"deletions":1}}},{"hash":"13eebe72c188f7fefd853eb4f9005ea0df9daf34","messageTitle":"fixed tutorial bug","messageBody":"","fileTypesAndContributionMap":{"cs":{"insertions":10,"deletions":1}}},{"hash":"ebda5a2744fff95ce7bc0a990582b18ba109aa46","messageTitle":"stuff","messageBody":"","fileTypesAndContributionMap":{"unity":{"insertions":8,"deletions":8},"meta":{"insertions":0,"deletions":16},"asset":{"insertions":44,"deletions":44}}},{"hash":"3e2f3508cf3e0cb74ea388125614db379e46ec8a","messageTitle":"fixed bugs","messageBody":"","fileTypesAndContributionMap":{"prefab":{"insertions":17,"deletions":17},"cs":{"insertions":1,"deletions":1},"unity":{"insertions":3,"deletions":3},"meta":{"insertions":11,"deletions":3},"asset":{"insertions":47,"deletions":3}}}]}],"Kenneth Hong":[{"date":"2021-01-02","commitResults":[{"hash":"b89e1d6d24f908259b6d43273f442d814c986dae","messageTitle":"first","messageBody":"","fileTypesAndContributionMap":{"shader":{"insertions":447,"deletions":0},"npmignore":{"insertions":6,"deletions":0},"log":{"insertions":52,"deletions":0},"AssetImportState":{"insertions":1,"deletions":0},"stamp":{"insertions":1,"deletions":0},"spriteatlas":{"insertions":230,"deletions":0},"preset":{"insertions":493,"deletions":0},"prefab":{"insertions":696,"deletions":0},"unity":{"insertions":85550,"deletions":0},"uss":{"insertions":3188,"deletions":0},"md":{"insertions":8366,"deletions":0},"physicsMaterial2D":{"insertions":10,"deletions":0},"json":{"insertions":1677,"deletions":0},"yml":{"insertions":15,"deletions":0},"editorconfig":{"insertions":6,"deletions":0},"cginc":{"insertions":217,"deletions":0},"LICENSE":{"insertions":20,"deletions":0},"mat":{"insertions":101,"deletions":0},"controller":{"insertions":1165,"deletions":0},"asmdef":{"insertions":675,"deletions":0},"prefs":{"insertions":0,"deletions":0},"cs":{"insertions":355452,"deletions":0},"txt":{"insertions":340,"deletions":0},"dwlt":{"insertions":883,"deletions":0},"uxml":{"insertions":309,"deletions":0},"gitkeep":{"insertions":0,"deletions":0},"meta":{"insertions":130550,"deletions":0},"README":{"insertions":16,"deletions":0},"asset":{"insertions":3137,"deletions":0},"anim":{"insertions":95805,"deletions":0}}}]},{"date":"2021-01-03","commitResults":[{"hash":"0dd3b53d8e2d3740d97b4babb8585b3fe2812a72","messageTitle":"Added player sprite and some background","messageBody":"","fileTypesAndContributionMap":{"cs":{"insertions":28,"deletions":0},"prefab":{"insertions":248,"deletions":0},"unity":{"insertions":2522,"deletions":188},"txt":{"insertions":1,"deletions":1},"dwlt":{"insertions":57,"deletions":57},"log":{"insertions":10,"deletions":0},"meta":{"insertions":586,"deletions":0},"json":{"insertions":1,"deletions":1},"asset":{"insertions":148,"deletions":3}}},{"hash":"8c25eb239b6d2e0efb8d1d917659937f60525014","messageTitle":"test","messageBody":"","fileTypesAndContributionMap":{"unity":{"insertions":3885,"deletions":2233},"mat":{"insertions":27,"deletions":0},"meta":{"insertions":257,"deletions":1},"fontsettings":{"insertions":1726,"deletions":0},"json":{"insertions":1,"deletions":1}}}]},{"date":"2021-01-04","commitResults":[{"hash":"e3ba47f9ac671948a758550a1c3205c456c42698","messageTitle":"fixed","messageBody":"","fileTypesAndContributionMap":{"unity":{"insertions":12,"deletions":782},"iwonbyalot":{"insertions":1,"deletions":0},"meta":{"insertions":2,"deletions":2}}},{"hash":"cf8ac43e91ade68366400ca4e1ee5dd7a3045b3c","messageTitle":"late","messageBody":"","fileTypesAndContributionMap":{"cs":{"insertions":25,"deletions":0},"unity":{"insertions":294,"deletions":25},"meta":{"insertions":19,"deletions":0}}},{"hash":"26e130f5ff7103ec3f2cfd740c1c958d459244f4","messageTitle":"UI almost done","messageBody":"","fileTypesAndContributionMap":{"cs":{"insertions":35,"deletions":12},"unity":{"insertions":1427,"deletions":514},"meta":{"insertions":15,"deletions":244},"asset":{"insertions":0,"deletions":144}}}]},{"date":"2021-01-05","commitResults":[{"hash":"983c2f6266f6b7541deb17f03325e22627efc3b8","messageTitle":"main menu art","messageBody":"","fileTypesAndContributionMap":{"unity":{"insertions":306,"deletions":6},"meta":{"insertions":744,"deletions":0}}},{"hash":"40eae1c696f3a5d46a14f6fd55cb5cb97710947d","messageTitle":"latenigth 05","messageBody":"","fileTypesAndContributionMap":{"cs":{"insertions":25,"deletions":2},"unity":{"insertions":57,"deletions":21},"meta":{"insertions":26,"deletions":3}}},{"hash":"7d58742000229738204f226ab7d8e3b4efd4fe18","messageTitle":".","messageBody":"","fileTypesAndContributionMap":{"cs":{"insertions":0,"deletions":23},"unity":{"insertions":4,"deletions":40},"meta":{"insertions":0,"deletions":11}}},{"hash":"100b2b3e1716fb2f3985eb8d4d9bbd50fa65fd12","messageTitle":".","messageBody":"","fileTypesAndContributionMap":{"unity":{"insertions":0,"deletions":312}}},{"hash":"1a71ba961008fc81973011cb4b48fbbdeec3748d","messageTitle":"added lvl 1 sprites","messageBody":"","fileTypesAndContributionMap":{"meta":{"insertions":440,"deletions":0}}}]},{"date":"2021-01-06","commitResults":[{"hash":"55a753b264a2e3d071f96b135769536024bcb297","messageTitle":"added sprites for lvl 2 campaign msgs","messageBody":"","fileTypesAndContributionMap":{"meta":{"insertions":2000,"deletions":836}}},{"hash":"8faa7183227762049e85650ee0efd41b742ffa43","messageTitle":"added lvl2 sprites","messageBody":"","fileTypesAndContributionMap":{"meta":{"insertions":1256,"deletions":0}}},{"hash":"0ef6de5b45f61c57ed5d937b88bf0b557d351fc0","messageTitle":"del sprites","messageBody":"","fileTypesAndContributionMap":{"meta":{"insertions":6,"deletions":526}}},{"hash":"811e830ef76da74b283180183b79e3358c2da7f7","messageTitle":"changed fonts","messageBody":"","fileTypesAndContributionMap":{"cs":{"insertions":19,"deletions":0},"txt":{"insertions":221,"deletions":0},"unity":{"insertions":754,"deletions":57},"meta":{"insertions":206,"deletions":0}}},{"hash":"a6c16af19c071c008492fc71812edb39101df823","messageTitle":"added lvl2 map","messageBody":"","fileTypesAndContributionMap":{"meta":{"insertions":112,"deletions":0}}}]},{"date":"2021-01-07","commitResults":[{"hash":"68603d1ccaad5736e962264971532b482b2dc632","messageTitle":"added some actions","messageBody":"","fileTypesAndContributionMap":{"cs":{"insertions":2,"deletions":0},"unity":{"insertions":1,"deletions":1},"meta":{"insertions":22,"deletions":22},"asset":{"insertions":18,"deletions":14}}},{"hash":"88a535e665ab9b8cbc780965f478d6598a3d609c","messageTitle":"added lvl2 actions","messageBody":"","fileTypesAndContributionMap":{"meta":{"insertions":184,"deletions":0},"asset":{"insertions":397,"deletions":3}}},{"hash":"d9bc20de3caf8f472a132182378c570b6bff50d8","messageTitle":"lvl2 map","messageBody":"","fileTypesAndContributionMap":{"cs":{"insertions":8,"deletions":2},"unity":{"insertions":1366,"deletions":49},"asset":{"insertions":3,"deletions":2}}},{"hash":"78bf53f70b38420cead0637288b2fa23d83963c0","messageTitle":"added lvl2 speech msgs","messageBody":"","fileTypesAndContributionMap":{"meta":{"insertions":72,"deletions":0},"asset":{"insertions":166,"deletions":2}}},{"hash":"7f15981aace8f3395f04573301a0e957e59240ab","messageTitle":"more events","messageBody":"","fileTypesAndContributionMap":{"meta":{"insertions":8,"deletions":0},"asset":{"insertions":21,"deletions":0}}},{"hash":"ce95669024cb1f2d373573a513fc8571731cf1d8","messageTitle":"added district type in events","messageBody":"","fileTypesAndContributionMap":{"cs":{"insertions":8,"deletions":0},"asset":{"insertions":5,"deletions":6}}}]},{"date":"2021-01-08","commitResults":[{"hash":"76e6402ccb233dabf7996d6b04df27dfdb138853","messageTitle":"added speeches lvl3","messageBody":"","fileTypesAndContributionMap":{"meta":{"insertions":1024,"deletions":0},"asset":{"insertions":207,"deletions":0}}},{"hash":"62fb8766652f0be76eb2bfdb8546a705c74256e2","messageTitle":"added sprites","messageBody":"","fileTypesAndContributionMap":{"cs":{"insertions":4,"deletions":0},"meta":{"insertions":476,"deletions":0}}},{"hash":"2f5044d6acd2f26fe6dafb5389359b2aa8614198","messageTitle":"edited sprites","messageBody":"","fileTypesAndContributionMap":{"meta":{"insertions":75,"deletions":15}}},{"hash":"0d24d790e9817ff68e94f069cd2b0e037adecbad","messageTitle":"Added sprites to actions and speeches","messageBody":"","fileTypesAndContributionMap":{"cs":{"insertions":2,"deletions":2},"meta":{"insertions":184,"deletions":0},"asset":{"insertions":11,"deletions":2}}},{"hash":"8cc57142e911de43d5615f96d5a959cc1b5ca4ae","messageTitle":"edited text for lvl1 actions","messageBody":"","fileTypesAndContributionMap":{"meta":{"insertions":48,"deletions":0},"asset":{"insertions":93,"deletions":4}}}]},{"date":"2021-01-09","commitResults":[{"hash":"9d7912cb0f333389f017a5a6883011e4fb2acdfa","messageTitle":"added some dialogue","messageBody":"","fileTypesAndContributionMap":{"meta":{"insertions":176,"deletions":0},"asset":{"insertions":389,"deletions":0}}},{"hash":"cee9732060e69eb950c27b5266a882a6ab5aa444","messageTitle":"added sprites","messageBody":"","fileTypesAndContributionMap":{"meta":{"insertions":120,"deletions":0}}},{"hash":"f90fd0dbce0bc30588eb7ab6f871b3f259e04c86","messageTitle":"finished dialogue for actions lvl3","messageBody":"","fileTypesAndContributionMap":{"asset":{"insertions":39,"deletions":16}}},{"hash":"d6a09d50c4de8d9fcf1e91184291b95a1f8b0b7f","messageTitle":"lvl2 events","messageBody":"","fileTypesAndContributionMap":{"meta":{"insertions":6,"deletions":14},"asset":{"insertions":9,"deletions":60}}},{"hash":"b61e3d545146215e26997cd1e8fcdcf4ed69dac6","messageTitle":"changed to lvl3 events","messageBody":"","fileTypesAndContributionMap":{"meta":{"insertions":0,"deletions":16},"asset":{"insertions":15,"deletions":55}}},{"hash":"35f0c8cb71d33eb54730724b493c61bc5b485856","messageTitle":"almost theree","messageBody":"","fileTypesAndContributionMap":{"prefab":{"insertions":710,"deletions":0},"meta":{"insertions":237,"deletions":246},"asset":{"insertions":21,"deletions":5}}},{"hash":"0cd7449d466770f0e48298caee316c259a6e79bf","messageTitle":"still has tutorial bug","messageBody":"","fileTypesAndContributionMap":{"meta":{"insertions":16,"deletions":0},"asset":{"insertions":3,"deletions":3}}},{"hash":"e3aee9b119816e5f0c48cce553bfc1e5b85f50c8","messageTitle":"added title screen","messageBody":"","fileTypesAndContributionMap":{"unity":{"insertions":158,"deletions":0}}},{"hash":"396899bc5c5204c42fac5d7fb7f7f383237632b5","messageTitle":"final edits","messageBody":"","fileTypesAndContributionMap":{"meta":{"insertions":6,"deletions":6},"asset":{"insertions":2,"deletions":43}}},{"hash":"041d8d40c359f199e44bcbc263c1daacc781bbc0","messageTitle":"changed value of charisma","messageBody":"","fileTypesAndContributionMap":{"asset":{"insertions":2,"deletions":2}}},{"hash":"6aee93450f79924941a90d6031d05881f0e0ead8","messageTitle":"event bug","messageBody":"","fileTypesAndContributionMap":{"meta":{"insertions":16,"deletions":0},"asset":{"insertions":1,"deletions":1}}},{"hash":"69d55f667d7afa6fc18acd0335d5c0fb9e382742","messageTitle":"final push ken","messageBody":"","fileTypesAndContributionMap":{"meta":{"insertions":8,"deletions":0}}}]}],"Ger Hean":[{"date":"2021-01-03","commitResults":[{"hash":"b3cf7341907802efdba58eb9dea03cefa907a9c7","messageTitle":"Create .gitignore","messageBody":"","fileTypesAndContributionMap":{"gitignore":{"insertions":56,"deletions":0}}},{"hash":"b31666872a3c3c8d7492a19ee9d6542572505994","messageTitle":"remove library from repo","messageBody":"","fileTypesAndContributionMap":{"shader":{"insertions":0,"deletions":447},"npmignore":{"insertions":0,"deletions":6},"log":{"insertions":0,"deletions":12},"AssetImportState":{"insertions":0,"deletions":1},"stamp":{"insertions":0,"deletions":1},"spriteatlas":{"insertions":0,"deletions":230},"preset":{"insertions":0,"deletions":493},"prefab":{"insertions":0,"deletions":696},"unity":{"insertions":0,"deletions":85362},"uss":{"insertions":0,"deletions":3188},"md":{"insertions":0,"deletions":8366},"physicsMaterial2D":{"insertions":0,"deletions":10},"json":{"insertions":0,"deletions":1239},"yml":{"insertions":0,"deletions":15},"editorconfig":{"insertions":0,"deletions":6},"cginc":{"insertions":0,"deletions":217},"LICENSE":{"insertions":0,"deletions":20},"mat":{"insertions":0,"deletions":101},"controller":{"insertions":0,"deletions":1165},"asmdef":{"insertions":0,"deletions":675},"prefs":{"insertions":0,"deletions":0},"cs":{"insertions":0,"deletions":355452},"txt":{"insertions":0,"deletions":338},"dwlt":{"insertions":0,"deletions":883},"uxml":{"insertions":0,"deletions":309},"gitkeep":{"insertions":0,"deletions":0},"meta":{"insertions":0,"deletions":130535},"README":{"insertions":0,"deletions":16},"asset":{"insertions":0,"deletions":1541},"anim":{"insertions":0,"deletions":95805}}},{"hash":"3945eb0b0ff131c7c208de453ed29df63fb28b0f","messageTitle":"Delete Packages-Update.log","messageBody":"","fileTypesAndContributionMap":{"log":{"insertions":0,"deletions":50}}},{"hash":"b0a9c9585af04170fd97ff65cf5fcb26d772c863","messageTitle":"add default scene","messageBody":"","fileTypesAndContributionMap":{"unity":{"insertions":824,"deletions":0},"meta":{"insertions":123,"deletions":0},"json":{"insertions":1,"deletions":1}}},{"hash":"8f8debb24b725645f1d6794190e13e4e928c17ca","messageTitle":"calendar test","messageBody":"","fileTypesAndContributionMap":{"cs":{"insertions":26,"deletions":0},"unity":{"insertions":150,"deletions":0},"meta":{"insertions":111,"deletions":0}}},{"hash":"f28c53fb67b3243fd0d2a4c0062a9ac80e272688","messageTitle":"add activity picker","messageBody":"","fileTypesAndContributionMap":{"unity":{"insertions":904,"deletions":31},"meta":{"insertions":8,"deletions":0}}},{"hash":"c341fbc0d078b7bdd97c882c35e56f1e0367c1cc","messageTitle":"Update DialogueSystem.cs","messageBody":"","fileTypesAndContributionMap":{"cs":{"insertions":89,"deletions":6}}}]},{"date":"2021-01-04","commitResults":[{"hash":"4ecf091995a801d76b1eb2012052058f8f9ceea5","messageTitle":"add levelmanager","messageBody":"","fileTypesAndContributionMap":{"cs":{"insertions":46,"deletions":0},"meta":{"insertions":11,"deletions":0},"json":{"insertions":1,"deletions":1}}},{"hash":"4b32424b44481e585ebecc7eec9245c695a6be90","messageTitle":"add map prototype","messageBody":"","fileTypesAndContributionMap":{"cs":{"insertions":148,"deletions":17},"unity":{"insertions":4082,"deletions":0},"meta":{"insertions":1087,"deletions":0}}},{"hash":"478addb26ed446ff1ca1343e7ada0df0c026c309","messageTitle":"finished map","messageBody":"","fileTypesAndContributionMap":{"cs":{"insertions":50,"deletions":20},"unity":{"insertions":536,"deletions":4},"meta":{"insertions":144,"deletions":4}}},{"hash":"6f67af763e953cde3d9fe71bbb12809a03b3d27e","messageTitle":"remove bug movement","messageBody":"","fileTypesAndContributionMap":{"cs":{"insertions":0,"deletions":28},"meta":{"insertions":0,"deletions":11}}},{"hash":"2ebde7f979f985f2c865bfcc0b520d9a778f5235","messageTitle":"add textmeshpro","messageBody":"","fileTypesAndContributionMap":{"meta":{"insertions":8,"deletions":0},"json":{"insertions":1,"deletions":1}}},{"hash":"2d099ce2186876fe775ed26bcdd18971fa635188","messageTitle":"work on levelmanager","messageBody":"","fileTypesAndContributionMap":{"cs":{"insertions":120,"deletions":36},"meta":{"insertions":11,"deletions":0}}}]},{"date":"2021-01-05","commitResults":[{"hash":"d12d54b35ef7ad63e5e4c5a422c990568c80f3cb","messageTitle":"fix map","messageBody":"","fileTypesAndContributionMap":{"cs":{"insertions":1,"deletions":0},"meta":{"insertions":8,"deletions":0}}},{"hash":"b37015a4c66b303cadb94bf5870f5ef8e2a166d2","messageTitle":"Improve action picker performance","messageBody":"","fileTypesAndContributionMap":{"prefab":{"insertions":2,"deletions":7},"cs":{"insertions":114,"deletions":80}}},{"hash":"b1de017bd422561ac65028cc58a3c4d832dc2a43","messageTitle":"Make description work","messageBody":"","fileTypesAndContributionMap":{"cs":{"insertions":79,"deletions":19},"unity":{"insertions":61,"deletions":1}}},{"hash":"f85bccf15f647877aae1554e310c532108aa2e74","messageTitle":"unbreak map","messageBody":"","fileTypesAndContributionMap":{"unity":{"insertions":431,"deletions":3942}}},{"hash":"76543e0923e9f7e0509c1e5579341384078e9d0c","messageTitle":"simplify setaction on timeslot","messageBody":"","fileTypesAndContributionMap":{"cs":{"insertions":5,"deletions":9}}},{"hash":"18e0592ecd3a2fb80bfddd8a407ec290f7c7281e","messageTitle":"Update Tracker.cs","messageBody":"Refresh at start\n","fileTypesAndContributionMap":{"cs":{"insertions":2,"deletions":1}}},{"hash":"09f6d3351a0506b0c0ba63caec0a2cfa0ee4bc9c","messageTitle":"add actionslot prefab","messageBody":"","fileTypesAndContributionMap":{"prefab":{"insertions":245,"deletions":0},"cs":{"insertions":84,"deletions":50},"unity":{"insertions":228,"deletions":1186},"meta":{"insertions":93,"deletions":0},"asset":{"insertions":95,"deletions":0}}}]},{"date":"2021-01-06","commitResults":[{"hash":"801c9cd95a92aa8d38a5f9f38b1f8a1d2b2a65ad","messageTitle":"add dialogue classes","messageBody":"","fileTypesAndContributionMap":{"cs":{"insertions":97,"deletions":2},"meta":{"insertions":23,"deletions":1}}},{"hash":"9ef52bd1e4e41ac74a3407f9549b29eeb8978542","messageTitle":"prototype event system","messageBody":"","fileTypesAndContributionMap":{"cs":{"insertions":161,"deletions":33},"meta":{"insertions":38,"deletions":0},"asset":{"insertions":19,"deletions":0}}},{"hash":"7497ec9f50621135915c9f9f1f77533e1f50f5be","messageTitle":"Implement random events","messageBody":"","fileTypesAndContributionMap":{"prefab":{"insertions":245,"deletions":0},"cs":{"insertions":157,"deletions":8},"unity":{"insertions":333,"deletions":47},"meta":{"insertions":18,"deletions":0}}},{"hash":"b3a126abc180699fd863f063fe248c204f5719f2","messageTitle":"Add sample sunnyday event","messageBody":"","fileTypesAndContributionMap":{"unity":{"insertions":3,"deletions":2},"meta":{"insertions":25,"deletions":1},"asset":{"insertions":24,"deletions":4}}},{"hash":"206f832e731a31f402ffe63b735694c3ad5da2ba","messageTitle":"Random event done","messageBody":"","fileTypesAndContributionMap":{"cs":{"insertions":30,"deletions":6},"unity":{"insertions":6,"deletions":203},"meta":{"insertions":16,"deletions":0},"asset":{"insertions":45,"deletions":1}}},{"hash":"d82b7822f2acb8e9cdec3328fcf9a06c309462d2","messageTitle":"Update DialogueEvent.cs","messageBody":"","fileTypesAndContributionMap":{"cs":{"insertions":2,"deletions":0}}},{"hash":"a993984ad6139f44ceffb45dfa1591ee8446db97","messageTitle":"Prevent text from advancing when click","messageBody":"","fileTypesAndContributionMap":{"cs":{"insertions":11,"deletions":8},"unity":{"insertions":1,"deletions":1}}},{"hash":"a44d917978c196bf9a5ea54670d63e2737b92fa9","messageTitle":"clean up code","messageBody":"","fileTypesAndContributionMap":{"cs":{"insertions":6,"deletions":15}}},{"hash":"faf3ddabb51fe3d54cb4697c7b61e50d983be53f","messageTitle":"Add background changing to dialogue events","messageBody":"","fileTypesAndContributionMap":{"cs":{"insertions":21,"deletions":4},"meta":{"insertions":192,"deletions":0},"asset":{"insertions":3,"deletions":2}}},{"hash":"509ecc22befa764e7e80229ccd13c615a703eeaf","messageTitle":"fix background bug","messageBody":"","fileTypesAndContributionMap":{"unity":{"insertions":2,"deletions":1}}},{"hash":"565ac60916722cd32a974447465352acc915077c","messageTitle":"add test level data","messageBody":"","fileTypesAndContributionMap":{"cs":{"insertions":25,"deletions":1},"unity":{"insertions":3,"deletions":3},"meta":{"insertions":92,"deletions":0}}},{"hash":"67425a0d26f1569cc6e38e52eab141dc952ae193","messageTitle":"Made a mock opening scene for level 1","messageBody":"","fileTypesAndContributionMap":{"unity":{"insertions":2,"deletions":2},"meta":{"insertions":8,"deletions":0},"asset":{"insertions":24,"deletions":0}}},{"hash":"e419aa4c261f4c42ffdbfcf4034fee3a5bb59f2e","messageTitle":"add intro dialogue","messageBody":"","fileTypesAndContributionMap":{"cs":{"insertions":6,"deletions":4},"asset":{"insertions":2,"deletions":0}}},{"hash":"5bc691b3a762bece3a7d0ba471e0acb5d871c1b3","messageTitle":"Update Tracker.cs","messageBody":"","fileTypesAndContributionMap":{"cs":{"insertions":19,"deletions":19}}}]},{"date":"2021-01-07","commitResults":[{"hash":"ccc2ff37bcba7f4453889ebdff241142d148e3b9","messageTitle":"Make lvl 2 map","messageBody":"","fileTypesAndContributionMap":{"prefab":{"insertions":878,"deletions":0},"cs":{"insertions":42,"deletions":43},"meta":{"insertions":595,"deletions":0}}},{"hash":"88e8c12a1273e4833b92c24fdf7d24de6a844b06","messageTitle":"add bool isUsingDistricts","messageBody":"","fileTypesAndContributionMap":{"cs":{"insertions":10,"deletions":5}}},{"hash":"5b4dcd7f4fd07c8951a1ab6759a87993fd336ce1","messageTitle":"change slot fonts","messageBody":"","fileTypesAndContributionMap":{"prefab":{"insertions":4,"deletions":4}}},{"hash":"3928921e2b3887f5365ed734e60916834a1c4c1f","messageTitle":"refresh timeslots uncomment","messageBody":"","fileTypesAndContributionMap":{"cs":{"insertions":5,"deletions":5}}},{"hash":"9fc23c90393fe94da36b672e0ceacbca78faf332","messageTitle":"add new variables","messageBody":"","fileTypesAndContributionMap":{"cs":{"insertions":12,"deletions":21}}},{"hash":"13b624f2451dce8ce5b31de9bd6365728e0f4f4a","messageTitle":"Update Rumors.asset","messageBody":"","fileTypesAndContributionMap":{"asset":{"insertions":1,"deletions":1}}},{"hash":"bd492e8b3d8e1caff6514e36c93ea5bb836be914","messageTitle":"remove unused code","messageBody":"","fileTypesAndContributionMap":{"cs":{"insertions":0,"deletions":109},"meta":{"insertions":0,"deletions":19}}},{"hash":"d93ed7d8eaa98d37c06aae360e2e71862597bd8c","messageTitle":"private and rename some variables","messageBody":"","fileTypesAndContributionMap":{"cs":{"insertions":23,"deletions":24},"unity":{"insertions":1,"deletions":11}}},{"hash":"43ee0f07ee7ac85cccda4bbae3e69eb23d65bbf9","messageTitle":"Update MapController.cs","messageBody":"fix bugs\n","fileTypesAndContributionMap":{"cs":{"insertions":8,"deletions":13}}},{"hash":"8f3b097759b34e043106df8f3c1ee1a283253280","messageTitle":"fix map","messageBody":"","fileTypesAndContributionMap":{"prefab":{"insertions":2,"deletions":3},"cs":{"insertions":13,"deletions":12}}},{"hash":"0ad7ec89f86937fc8f66f070edf7fd586ad8a6ea","messageTitle":"private scheduling ui","messageBody":"","fileTypesAndContributionMap":{"cs":{"insertions":5,"deletions":2}}},{"hash":"2862729bd615a447b5cddfa9f9fe0059256d1c30","messageTitle":"add CampaignMessage class","messageBody":"","fileTypesAndContributionMap":{"cs":{"insertions":13,"deletions":0},"meta":{"insertions":11,"deletions":0}}},{"hash":"6c000008e69316c14ff8a368a4109ba780bd554f","messageTitle":"add voting with district execute","messageBody":"","fileTypesAndContributionMap":{"cs":{"insertions":48,"deletions":17}}},{"hash":"224cc5e91b6d6cef950fdd4c65bf7546d8dedd14","messageTitle":"add comment","messageBody":"","fileTypesAndContributionMap":{"cs":{"insertions":2,"deletions":0}}},{"hash":"1ae885eeb6c5e66b08a7732e340555cb1922af56","messageTitle":"add default background","messageBody":"","fileTypesAndContributionMap":{"cs":{"insertions":19,"deletions":15},"unity":{"insertions":8,"deletions":5},"asset":{"insertions":6,"deletions":0}}}]},{"date":"2021-01-08","commitResults":[{"hash":"d4908f37b1cc535ff3924fb61001dd8628e848ac","messageTitle":"Implement minimap","messageBody":"","fileTypesAndContributionMap":{"prefab":{"insertions":2,"deletions":2},"cs":{"insertions":50,"deletions":22},"unity":{"insertions":28,"deletions":81},"asset":{"insertions":4,"deletions":2}}},{"hash":"a6e7101a8f5727316f5f87eff2be9d4a66611e49","messageTitle":"remove whitespace","messageBody":"","fileTypesAndContributionMap":{"cs":{"insertions":0,"deletions":5}}},{"hash":"7f577a17b34a783345e047e95d1ef7c80cb6a706","messageTitle":"add research code","messageBody":"","fileTypesAndContributionMap":{"cs":{"insertions":51,"deletions":4}}},{"hash":"2de36dfe095d1aa90616812ab67d87171e578c78","messageTitle":"add district names","messageBody":"","fileTypesAndContributionMap":{"cs":{"insertions":7,"deletions":5},"asset":{"insertions":19,"deletions":3}}},{"hash":"412d2903a42efe04a9169c636ef4a57b94a24d11","messageTitle":"fix district generating bug","messageBody":"","fileTypesAndContributionMap":{"cs":{"insertions":6,"deletions":5}}}]},{"date":"2021-01-09","commitResults":[{"hash":"ccf932a2abed3ca42bafd0b1a1f2c5f4c2035d16","messageTitle":"black background","messageBody":"","fileTypesAndContributionMap":{"unity":{"insertions":2,"deletions":2}}},{"hash":"bea799d49fe04b568e77023ce6103482a14abbbc","messageTitle":"fix lvl 3 map","messageBody":"","fileTypesAndContributionMap":{"prefab":{"insertions":3,"deletions":3},"meta":{"insertions":126,"deletions":18},"asset":{"insertions":2,"deletions":1}}},{"hash":"028a112de7e14939a8b20ecb6897c0bee564518b","messageTitle":"Update LevelThreeMap.prefab","messageBody":"","fileTypesAndContributionMap":{"prefab":{"insertions":5,"deletions":5}}},{"hash":"e645729d4ed0370d7501af9285de41bc79bac13c","messageTitle":"rename districts","messageBody":"","fileTypesAndContributionMap":{"asset":{"insertions":9,"deletions":9}}},{"hash":"dba8da987b98048823024e0436408a33cd387e5a","messageTitle":"fix tutorial prefab","messageBody":"","fileTypesAndContributionMap":{"cs":{"insertions":4,"deletions":3}}},{"hash":"6adeb080e0e09ce86ca2bb12c901f0347af6e486","messageTitle":"better map icon","messageBody":"","fileTypesAndContributionMap":{"unity":{"insertions":157,"deletions":91}}},{"hash":"76e9a7602bdc6c0a7f8a9ffc9a03b8a35e642797","messageTitle":"fix camera","messageBody":"","fileTypesAndContributionMap":{"prefab":{"insertions":2,"deletions":2},"cs":{"insertions":49,"deletions":0},"unity":{"insertions":117,"deletions":6},"meta":{"insertions":11,"deletions":8}}},{"hash":"7c147c6080be540c6c8aa3a4bf9bd7850e76efaa","messageTitle":"Update Prototype.unity","messageBody":"","fileTypesAndContributionMap":{"unity":{"insertions":0,"deletions":9}}},{"hash":"e021e5f953208e52ddeb369cdb89df1e8819cf7b","messageTitle":"lvl 3 intro text","messageBody":"","fileTypesAndContributionMap":{"meta":{"insertions":8,"deletions":0},"asset":{"insertions":20,"deletions":0}}},{"hash":"511c6d55f206b2b9bdccc2401b02f970ff7437e1","messageTitle":"change win condition","messageBody":"","fileTypesAndContributionMap":{"cs":{"insertions":21,"deletions":6}}},{"hash":"37bbeb9aedd0054d0ee99a012bdf16c254fff08a","messageTitle":"fix speech","messageBody":"","fileTypesAndContributionMap":{"unity":{"insertions":2,"deletions":2},"asset":{"insertions":2,"deletions":1}}}]}],"Steven Chua":[{"date":"2021-01-03","commitResults":[{"hash":"a28a294ee4cd00cfd51a110a1a4883d4d1f27dd7","messageTitle":"Added timetable and activity picker","messageBody":"","fileTypesAndContributionMap":{"prefab":{"insertions":277,"deletions":0},"cs":{"insertions":52,"deletions":0},"unity":{"insertions":662,"deletions":300},"meta":{"insertions":30,"deletions":1},"json":{"insertions":1,"deletions":1}}}]},{"date":"2021-01-04","commitResults":[{"hash":"84dbfb44ecc32dbf03d111c77970196da3d97c05","messageTitle":"Added Main Menu screen","messageBody":"","fileTypesAndContributionMap":{"cs":{"insertions":34,"deletions":0},"unity":{"insertions":3777,"deletions":52},"meta":{"insertions":11,"deletions":8},"json":{"insertions":1,"deletions":1}}},{"hash":"1c20f203bcfb2287d3a34a925848a91a3253747e","messageTitle":"fixed bug","messageBody":"","fileTypesAndContributionMap":{"cs":{"insertions":1,"deletions":1},"meta":{"insertions":0,"deletions":8},"json":{"insertions":1,"deletions":1}}},{"hash":"7767ff93c3dcadae3bc07b773d10c6b826b16556","messageTitle":"Fixed camera in Prototype, made timetable more flexible","messageBody":"","fileTypesAndContributionMap":{"cs":{"insertions":109,"deletions":123},"prefab":{"insertions":123,"deletions":148},"unity":{"insertions":957,"deletions":1967},"meta":{"insertions":2,"deletions":24}}},{"hash":"4f2e291dac09ef47c47b3d230521e228540acaf0","messageTitle":"Cleaned up files and moved all scripts to the script folder","messageBody":"","fileTypesAndContributionMap":{"cs":{"insertions":0,"deletions":28},"meta":{"insertions":0,"deletions":11}}}]},{"date":"2021-01-05","commitResults":[{"hash":"04dc3a02c3ca457b014f46eb0d389a9c11299837","messageTitle":"Fixed Execute button functionality","messageBody":"","fileTypesAndContributionMap":{"cs":{"insertions":14,"deletions":19},"unity":{"insertions":1,"deletions":1}}},{"hash":"35e5e930c84111194a219d3b466e54acf62291ea","messageTitle":"Cleaned up files, fixed some bugs","messageBody":"","fileTypesAndContributionMap":{"cs":{"insertions":1,"deletions":1},"unity":{"insertions":0,"deletions":2209},"meta":{"insertions":0,"deletions":15}}},{"hash":"d543f31b3814443d8abcfd1230169ec7d9a5650e","messageTitle":"Added scrolling for timeslots and actions","messageBody":"","fileTypesAndContributionMap":{"cs":{"insertions":5,"deletions":4},"unity":{"insertions":429,"deletions":38}}},{"hash":"c96100daadffa88f30ffca083ff50afd28f37769","messageTitle":"Implemented functionality of the level select menu and added placeholder level data","messageBody":"","fileTypesAndContributionMap":{"cs":{"insertions":52,"deletions":12},"unity":{"insertions":238,"deletions":154},"meta":{"insertions":43,"deletions":0},"asset":{"insertions":99,"deletions":8}}}]},{"date":"2021-01-06","commitResults":[{"hash":"3f78da4fc450e0153fb096c0e87138b3cbf67236","messageTitle":"Added Normal and Hardcore buttons, reduced level count to 3","messageBody":"","fileTypesAndContributionMap":{"cs":{"insertions":23,"deletions":8},"unity":{"insertions":771,"deletions":325},"meta":{"insertions":92,"deletions":8},"asset":{"insertions":1,"deletions":1}}},{"hash":"6712f7df8ce34429fe6c1d316c4d76a11281e91b","messageTitle":"Added support for normal and hardcore events","messageBody":"","fileTypesAndContributionMap":{"cs":{"insertions":15,"deletions":5},"unity":{"insertions":1,"deletions":1},"meta":{"insertions":0,"deletions":8},"asset":{"insertions":6,"deletions":0}}},{"hash":"cd2f54df61fe5e6a18d2f708c96fe1ef0ec8ebe5","messageTitle":"Fixed bugs related to text not advancing until it is clicked","messageBody":"","fileTypesAndContributionMap":{"cs":{"insertions":23,"deletions":5}}},{"hash":"0c6dceefdb23c47c758c1e65c13c948dbf0962b0","messageTitle":"Added tutorial","messageBody":"","fileTypesAndContributionMap":{"prefab":{"insertions":1613,"deletions":0},"cs":{"insertions":52,"deletions":3},"unity":{"insertions":2,"deletions":1},"meta":{"insertions":18,"deletions":0}}}]},{"date":"2021-01-07","commitResults":[{"hash":"cab8c74d75560dfc7f9cb262b69c845ebdf7030c","messageTitle":"Increased font size","messageBody":"","fileTypesAndContributionMap":{"prefab":{"insertions":3,"deletions":3},"unity":{"insertions":4,"deletions":5},"asset":{"insertions":3,"deletions":1}}},{"hash":"32f0951a15689863c0999d95a89ab2a29dd9e45c","messageTitle":"Fixed vote count and added support for other resources changing after events","messageBody":"","fileTypesAndContributionMap":{"cs":{"insertions":19,"deletions":2},"asset":{"insertions":6,"deletions":2}}},{"hash":"e1223c75b62902750ba563ce1bad2b5ad54df219","messageTitle":"removed extra \\n in description","messageBody":"","fileTypesAndContributionMap":{"cs":{"insertions":1,"deletions":1}}},{"hash":"3b45e764109fe4c65093b54922cb38384c3dd34c","messageTitle":"Rewrote event text and fixed dialogue issues","messageBody":"","fileTypesAndContributionMap":{"cs":{"insertions":47,"deletions":32},"meta":{"insertions":0,"deletions":8},"asset":{"insertions":36,"deletions":30}}},{"hash":"d038209debe4d0f10c35d6e34dca9bf1256439ef","messageTitle":"Cleaned up files","messageBody":"","fileTypesAndContributionMap":{"cs":{"insertions":10,"deletions":106},"meta":{"insertions":0,"deletions":22}}},{"hash":"42cea934fbbd03910f942aaedd54a752e109c687","messageTitle":"Fixed text bug with cancelling a timeslot","messageBody":"","fileTypesAndContributionMap":{"cs":{"insertions":2,"deletions":9}}}]},{"date":"2021-01-08","commitResults":[{"hash":"90dde0bd80a2c42b418a720802b1280272833836","messageTitle":"Added transparency to UI tables, fixed UI to fill up camera screen, and added Tutorial for level 2","messageBody":"","fileTypesAndContributionMap":{"prefab":{"insertions":1353,"deletions":21},"cs":{"insertions":39,"deletions":23},"unity":{"insertions":1415,"deletions":118},"meta":{"insertions":7,"deletions":0}}},{"hash":"df05a6b5119c1e94bba44d16769b70ec06408873","messageTitle":"Fixed some windows and updated level 1 tutorial","messageBody":"","fileTypesAndContributionMap":{"prefab":{"insertions":114,"deletions":74},"cs":{"insertions":22,"deletions":9},"unity":{"insertions":109,"deletions":1403},"meta":{"insertions":92,"deletions":0},"asset":{"insertions":6,"deletions":4}}},{"hash":"b3cce89c0e981b2139afc0e277c45279aa9fd6a0","messageTitle":"Fixed tutorial coding","messageBody":"","fileTypesAndContributionMap":{"cs":{"insertions":2,"deletions":2}}}]},{"date":"2021-01-09","commitResults":[{"hash":"233d5a0309bd42fea2d32073699a54831e26eaa4","messageTitle":"Added music and updated options menu as well as add options menu in the main game","messageBody":"","fileTypesAndContributionMap":{"cs":{"insertions":73,"deletions":14},"prefab":{"insertions":1349,"deletions":4},"unity":{"insertions":1545,"deletions":905},"meta":{"insertions":70,"deletions":0}}},{"hash":"2ce111249f8e684dc9101e82853eae01399fb9f9","messageTitle":"Fixed Position text bugging out","messageBody":"","fileTypesAndContributionMap":{"unity":{"insertions":17,"deletions":17}}},{"hash":"66ab1fea8946110449c7a795fba0e4fc95ab3fd1","messageTitle":"Tweaked UI, added Credits","messageBody":"","fileTypesAndContributionMap":{"prefab":{"insertions":13,"deletions":8},"cs":{"insertions":32,"deletions":6},"unity":{"insertions":419,"deletions":11}}},{"hash":"b391cc0d36c6c0803f965bb309ccac69f9a0fe2f","messageTitle":"fixed level 3 district selection colors","messageBody":"","fileTypesAndContributionMap":{"prefab":{"insertions":9,"deletions":0},"meta":{"insertions":0,"deletions":16}}},{"hash":"467cdb74ff1c577e693ef2fdb85d24ce94bac35a","messageTitle":"Fixed tutorial","messageBody":"","fileTypesAndContributionMap":{"prefab":{"insertions":8,"deletions":8},"unity":{"insertions":1,"deletions":1}}},{"hash":"37f58435c174130c2234a7f0fabfc6848b626011","messageTitle":"Fixed title bug","messageBody":"","fileTypesAndContributionMap":{"unity":{"insertions":10,"deletions":10}}},{"hash":"373d5abf5c44fcad4c4fa9a574b086d24bcd6edb","messageTitle":"Fixed speech UI","messageBody":"","fileTypesAndContributionMap":{"prefab":{"insertions":5,"deletions":5},"unity":{"insertions":131,"deletions":10}}},{"hash":"a59dc52d9a1db413a689426cae360483c5d6a487","messageTitle":"Fixed speech scroll issues","messageBody":"","fileTypesAndContributionMap":{"unity":{"insertions":8,"deletions":8}}},{"hash":"a2a88e47e4ff363b726c9205d84418e8b6b9f297","messageTitle":"Rewrote some events and dialogue","messageBody":"","fileTypesAndContributionMap":{"unity":{"insertions":2,"deletions":2},"meta":{"insertions":0,"deletions":16},"asset":{"insertions":117,"deletions":105}}},{"hash":"9505ca55c0c10f2a69bead52bea9877501924f3c","messageTitle":"FInished editing events and fixed Talk to the Masses text","messageBody":"","fileTypesAndContributionMap":{"unity":{"insertions":5,"deletions":5},"asset":{"insertions":7,"deletions":7}}}]}]},"authorFileTypeContributionMap":{"Chan Ger Hean":{"md":3},"redpelican2108":{"prefab":2796,"meta":110,"unity":917,"asset":205,"cs":526,"json":2},"Kenneth Hong":{"meta":7345,"txt":223,"cs":48,"unity":3007,"prefab":784,"asset":2622,"mat":27,"fontsettings":1726,"json":435},"Ger Hean":{"gitignore":56,"meta":1680,"prefab":1240,"unity":1805,"asset":293,"cs":1011},"Steven Chua":{"meta":306,"prefab":4616,"unity":6064,"asset":179,"cs":390,"json":1}},"authorContributionVariance":{"Chan Ger Hean":0.44444445,"redpelican2108":781629.44,"Kenneth Hong":4.6434877E10,"Ger Hean":4.6652715E10,"Steven Chua":6003241.0},"authorDisplayNameMap":{"Chan Ger Hean":"Chan Ger Hean","redpelican2108":"redpelican2108","Kenneth Hong":"Kenneth Hong","Ger Hean":"Ger Hean","Steven Chua":"Steven Chua"}}
