{"authorDailyContributionsMap":{"gerhean":[{"date":"2021-01-08","commitResults":[{"hash":"d65577dd39d69392def01b506212ff2882413a57","messageTitle":"init project","messageBody":"","fileTypesAndContributionMap":{"gitignore":{"insertions":23,"deletions":0},"json":{"insertions":34,"deletions":0}}},{"hash":"660a29922f25e885003f9140cd477850e632146d","messageTitle":"move stuff","messageBody":"","fileTypesAndContributionMap":{"browserslistrc":{"insertions":0,"deletions":0},"scss":{"insertions":0,"deletions":0},"gitignore":{"insertions":0,"deletions":0},"vue":{"insertions":0,"deletions":0},"js":{"insertions":0,"deletions":0},"json":{"insertions":0,"deletions":0},"html":{"insertions":0,"deletions":17}}},{"hash":"e856450844cc8db7d81505cb1fca26101a54b0d9","messageTitle":"Update package-lock.json","messageBody":"","fileTypesAndContributionMap":{"json":{"insertions":96,"deletions":15921}}},{"hash":"8acbdd796b312178c89e7b0d14c71028ae183f7b","messageTitle":"add pug styling","messageBody":"","fileTypesAndContributionMap":{"vue":{"insertions":55,"deletions":82},"json":{"insertions":259,"deletions":1},"js":{"insertions":4,"deletions":0}}},{"hash":"24b6899b340fd86a382c913e6ae8db026a5660ae","messageTitle":"use pug template","messageBody":"","fileTypesAndContributionMap":{"vue":{"insertions":15,"deletions":26}}},{"hash":"91df3d6f28efdf51a82b641e3ff6b533a1c55916","messageTitle":"Update Note.vue","messageBody":"","fileTypesAndContributionMap":{"vue":{"insertions":1,"deletions":1}}},{"hash":"3d6debb622bd32b446b94fec5bcde7a056d70c99","messageTitle":"Update Note.vue","messageBody":"","fileTypesAndContributionMap":{"vue":{"insertions":13,"deletions":15}}},{"hash":"33df4d6da268d5cbbe6f0fee4ec890f5ad3054c3","messageTitle":"fix bugs","messageBody":"","fileTypesAndContributionMap":{"vue":{"insertions":61,"deletions":12},"json":{"insertions":84,"deletions":0},"js":{"insertions":68,"deletions":60}}},{"hash":"bc4d08ac5fc7d311d94dd28d79e9e3660e9bc616","messageTitle":"fix chart","messageBody":"","fileTypesAndContributionMap":{"vue":{"insertions":34,"deletions":54},"js":{"insertions":1,"deletions":1}}},{"hash":"d4ee7426001be5b5fdde510ed42786ca11db2b4e","messageTitle":"unfinished note","messageBody":"","fileTypesAndContributionMap":{"vue":{"insertions":39,"deletions":8}}},{"hash":"cf698c8d7b83581dfd29c8ccc5efdf0a487a5c13","messageTitle":"Update Note.vue","messageBody":"","fileTypesAndContributionMap":{"vue":{"insertions":53,"deletions":59}}},{"hash":"da05cea00013c2c309c2c40c253cd9d21c374e21","messageTitle":"implement accodion","messageBody":"","fileTypesAndContributionMap":{"vue":{"insertions":17,"deletions":3},"json":{"insertions":10,"deletions":15441}}},{"hash":"89f85425041b9b37ef4ffd38884c0053560384aa","messageTitle":"added get homedata","messageBody":"","fileTypesAndContributionMap":{"js":{"insertions":65,"deletions":2}}},{"hash":"80e8331251ddb2bc7d889ae037308f3b43152318","messageTitle":"add initCategoriesData","messageBody":"","fileTypesAndContributionMap":{"vue":{"insertions":1,"deletions":1},"js":{"insertions":9,"deletions":5}}},{"hash":"e0350cb00baa3f7ada5ed405778da2c512606dfa","messageTitle":"add postMemo","messageBody":"","fileTypesAndContributionMap":{"js":{"insertions":21,"deletions":5}}},{"hash":"0b354bee984722a1b4af109ee9fffb5eb86d3c0e","messageTitle":"add postCategory","messageBody":"","fileTypesAndContributionMap":{"js":{"insertions":4,"deletions":0}}},{"hash":"05d46f1ef07d9a1c35294821b7609dd4fe17c6e6","messageTitle":"add deleteCategory","messageBody":"","fileTypesAndContributionMap":{"js":{"insertions":230,"deletions":230}}},{"hash":"88f1b23114ea9bd17bc5ea81ab239ebb5cd49a7a","messageTitle":"add note count","messageBody":"","fileTypesAndContributionMap":{"vue":{"insertions":18,"deletions":8}}}]},{"date":"2021-01-09","commitResults":[{"hash":"2ee2fd1a909b29eedc24152bd38e9b9d61fb043e","messageTitle":"add other restful methods","messageBody":"","fileTypesAndContributionMap":{"js":{"insertions":15,"deletions":3}}},{"hash":"945b8484b0b848fe0c826c32ca6dc120220a9223","messageTitle":"try add search","messageBody":"","fileTypesAndContributionMap":{"vue":{"insertions":37,"deletions":0},"json":{"insertions":8,"deletions":15458},"js":{"insertions":34,"deletions":6}}},{"hash":"1d458e1c4592e532cc8e784b67588a9c5b7b7d0f","messageTitle":"search maybe works","messageBody":"","fileTypesAndContributionMap":{"vue":{"insertions":9,"deletions":2}}},{"hash":"db0909b8dfcfe9bc3173dec1467b60ec145f69b0","messageTitle":"Search works","messageBody":"","fileTypesAndContributionMap":{"vue":{"insertions":4,"deletions":9},"js":{"insertions":7,"deletions":2}}},{"hash":"b7646bec16ff4be64db9e680f55234af075173e7","messageTitle":"restful categories","messageBody":"","fileTypesAndContributionMap":{"vue":{"insertions":13,"deletions":12},"js":{"insertions":6,"deletions":4}}},{"hash":"7c9cba6ba7490d1b7ce3ff51a3ca496d019bea73","messageTitle":"fix bugs","messageBody":"","fileTypesAndContributionMap":{"js":{"insertions":11,"deletions":7}}},{"hash":"5b0b3ebfdb59109becd841f35d5e30306bb25055","messageTitle":"fix order of search","messageBody":"","fileTypesAndContributionMap":{"js":{"insertions":145,"deletions":143}}},{"hash":"e1e055a756111f2c80e80d19910654b0187cc264","messageTitle":"move test data","messageBody":"","fileTypesAndContributionMap":{"js":{"insertions":236,"deletions":233}}},{"hash":"309444ad3fd67b62277c74b7d13817e59d5a7037","messageTitle":"Category view quick fix","messageBody":"","fileTypesAndContributionMap":{"vue":{"insertions":2,"deletions":2}}},{"hash":"6da9258680ad8e3022879c0801c6ec4439b37403","messageTitle":"set up deploysh","messageBody":"","fileTypesAndContributionMap":{"sh":{"insertions":26,"deletions":0},"js":{"insertions":5,"deletions":0}}},{"hash":"a80ae15b85c865bfb6b76f654d9f0ca3ccdb1c7d","messageTitle":"Update Note.vue","messageBody":"","fileTypesAndContributionMap":{"vue":{"insertions":5,"deletions":1}}},{"hash":"eceb22bc2ea4984ee8851dfae49bf7596fcbb620","messageTitle":"Update initData.js","messageBody":"add category work with warning\n","fileTypesAndContributionMap":{"js":{"insertions":22,"deletions":0}}},{"hash":"8e375fb92e2e2c71009c8fcc9bd6f71d623c2b14","messageTitle":"solve key error","messageBody":"","fileTypesAndContributionMap":{"vue":{"insertions":1,"deletions":1}}}]}]},"authorFileTypeContributionMap":{"gerhean":{"gitignore":23,"sh":26,"json":437,"vue":140,"js":401}},"authorContributionVariance":{"gerhean":6.97058E7},"authorDisplayNameMap":{"gerhean":"gerhean"}}
