{"authorDailyContributionsMap":{"gerhean":[{"date":"2021-01-03","commitResults":[{"hash":"b31666872a3c3c8d7492a19ee9d6542572505994","messageTitle":"remove library from repo","messageBody":"","fileTypesAndContributionMap":{"cs":{"insertions":0,"deletions":355452},"prefab":{"insertions":0,"deletions":696},"unity":{"insertions":0,"deletions":85362},"asset":{"insertions":0,"deletions":1541}}},{"hash":"b0a9c9585af04170fd97ff65cf5fcb26d772c863","messageTitle":"add default scene","messageBody":"","fileTypesAndContributionMap":{"unity":{"insertions":824,"deletions":0}}},{"hash":"8f8debb24b725645f1d6794190e13e4e928c17ca","messageTitle":"calendar test","messageBody":"","fileTypesAndContributionMap":{"cs":{"insertions":26,"deletions":0},"unity":{"insertions":150,"deletions":0}}},{"hash":"f28c53fb67b3243fd0d2a4c0062a9ac80e272688","messageTitle":"add activity picker","messageBody":"","fileTypesAndContributionMap":{"unity":{"insertions":904,"deletions":31}}},{"hash":"c341fbc0d078b7bdd97c882c35e56f1e0367c1cc","messageTitle":"Update DialogueSystem.cs","messageBody":"","fileTypesAndContributionMap":{"cs":{"insertions":89,"deletions":6}}}]},{"date":"2021-01-04","commitResults":[{"hash":"4ecf091995a801d76b1eb2012052058f8f9ceea5","messageTitle":"add levelmanager","messageBody":"","fileTypesAndContributionMap":{"cs":{"insertions":46,"deletions":0}}},{"hash":"4b32424b44481e585ebecc7eec9245c695a6be90","messageTitle":"add map prototype","messageBody":"","fileTypesAndContributionMap":{"cs":{"insertions":148,"deletions":17},"unity":{"insertions":4082,"deletions":0}}},{"hash":"478addb26ed446ff1ca1343e7ada0df0c026c309","messageTitle":"finished map","messageBody":"","fileTypesAndContributionMap":{"cs":{"insertions":50,"deletions":20},"unity":{"insertions":536,"deletions":4}}},{"hash":"6f67af763e953cde3d9fe71bbb12809a03b3d27e","messageTitle":"remove bug movement","messageBody":"","fileTypesAndContributionMap":{"cs":{"insertions":0,"deletions":28}}},{"hash":"2d099ce2186876fe775ed26bcdd18971fa635188","messageTitle":"work on levelmanager","messageBody":"","fileTypesAndContributionMap":{"cs":{"insertions":120,"deletions":36}}}]},{"date":"2021-01-05","commitResults":[{"hash":"d12d54b35ef7ad63e5e4c5a422c990568c80f3cb","messageTitle":"fix map","messageBody":"","fileTypesAndContributionMap":{"cs":{"insertions":1,"deletions":0}}},{"hash":"b37015a4c66b303cadb94bf5870f5ef8e2a166d2","messageTitle":"Improve action picker performance","messageBody":"","fileTypesAndContributionMap":{"prefab":{"insertions":2,"deletions":7},"cs":{"insertions":114,"deletions":80}}},{"hash":"b1de017bd422561ac65028cc58a3c4d832dc2a43","messageTitle":"Make description work","messageBody":"","fileTypesAndContributionMap":{"cs":{"insertions":79,"deletions":19},"unity":{"insertions":61,"deletions":1}}},{"hash":"f85bccf15f647877aae1554e310c532108aa2e74","messageTitle":"unbreak map","messageBody":"","fileTypesAndContributionMap":{"unity":{"insertions":431,"deletions":3942}}},{"hash":"76543e0923e9f7e0509c1e5579341384078e9d0c","messageTitle":"simplify setaction on timeslot","messageBody":"","fileTypesAndContributionMap":{"cs":{"insertions":5,"deletions":9}}},{"hash":"18e0592ecd3a2fb80bfddd8a407ec290f7c7281e","messageTitle":"Update Tracker.cs","messageBody":"Refresh at start\n","fileTypesAndContributionMap":{"cs":{"insertions":2,"deletions":1}}},{"hash":"09f6d3351a0506b0c0ba63caec0a2cfa0ee4bc9c","messageTitle":"add actionslot prefab","messageBody":"","fileTypesAndContributionMap":{"prefab":{"insertions":245,"deletions":0},"cs":{"insertions":84,"deletions":50},"unity":{"insertions":228,"deletions":1186},"asset":{"insertions":95,"deletions":0}}}]},{"date":"2021-01-06","commitResults":[{"hash":"801c9cd95a92aa8d38a5f9f38b1f8a1d2b2a65ad","messageTitle":"add dialogue classes","messageBody":"","fileTypesAndContributionMap":{"cs":{"insertions":97,"deletions":2}}},{"hash":"9ef52bd1e4e41ac74a3407f9549b29eeb8978542","messageTitle":"prototype event system","messageBody":"","fileTypesAndContributionMap":{"cs":{"insertions":161,"deletions":33},"asset":{"insertions":19,"deletions":0}}},{"hash":"7497ec9f50621135915c9f9f1f77533e1f50f5be","messageTitle":"Implement random events","messageBody":"","fileTypesAndContributionMap":{"prefab":{"insertions":245,"deletions":0},"cs":{"insertions":157,"deletions":8},"unity":{"insertions":333,"deletions":47}}},{"hash":"b3a126abc180699fd863f063fe248c204f5719f2","messageTitle":"Add sample sunnyday event","messageBody":"","fileTypesAndContributionMap":{"unity":{"insertions":3,"deletions":2},"asset":{"insertions":24,"deletions":4}}},{"hash":"206f832e731a31f402ffe63b735694c3ad5da2ba","messageTitle":"Random event done","messageBody":"","fileTypesAndContributionMap":{"cs":{"insertions":30,"deletions":6},"unity":{"insertions":6,"deletions":203},"asset":{"insertions":45,"deletions":1}}},{"hash":"d82b7822f2acb8e9cdec3328fcf9a06c309462d2","messageTitle":"Update DialogueEvent.cs","messageBody":"","fileTypesAndContributionMap":{"cs":{"insertions":2,"deletions":0}}},{"hash":"a993984ad6139f44ceffb45dfa1591ee8446db97","messageTitle":"Prevent text from advancing when click","messageBody":"","fileTypesAndContributionMap":{"cs":{"insertions":11,"deletions":8},"unity":{"insertions":1,"deletions":1}}},{"hash":"a44d917978c196bf9a5ea54670d63e2737b92fa9","messageTitle":"clean up code","messageBody":"","fileTypesAndContributionMap":{"cs":{"insertions":6,"deletions":15}}},{"hash":"faf3ddabb51fe3d54cb4697c7b61e50d983be53f","messageTitle":"Add background changing to dialogue events","messageBody":"","fileTypesAndContributionMap":{"cs":{"insertions":21,"deletions":4},"asset":{"insertions":3,"deletions":2}}},{"hash":"509ecc22befa764e7e80229ccd13c615a703eeaf","messageTitle":"fix background bug","messageBody":"","fileTypesAndContributionMap":{"unity":{"insertions":2,"deletions":1}}},{"hash":"565ac60916722cd32a974447465352acc915077c","messageTitle":"add test level data","messageBody":"","fileTypesAndContributionMap":{"cs":{"insertions":25,"deletions":1},"unity":{"insertions":3,"deletions":3}}},{"hash":"67425a0d26f1569cc6e38e52eab141dc952ae193","messageTitle":"Made a mock opening scene for level 1","messageBody":"","fileTypesAndContributionMap":{"unity":{"insertions":2,"deletions":2},"asset":{"insertions":24,"deletions":0}}},{"hash":"e419aa4c261f4c42ffdbfcf4034fee3a5bb59f2e","messageTitle":"add intro dialogue","messageBody":"","fileTypesAndContributionMap":{"cs":{"insertions":6,"deletions":4},"asset":{"insertions":2,"deletions":0}}},{"hash":"5bc691b3a762bece3a7d0ba471e0acb5d871c1b3","messageTitle":"Update Tracker.cs","messageBody":"","fileTypesAndContributionMap":{"cs":{"insertions":19,"deletions":19}}}]},{"date":"2021-01-07","commitResults":[{"hash":"ccc2ff37bcba7f4453889ebdff241142d148e3b9","messageTitle":"Make lvl 2 map","messageBody":"","fileTypesAndContributionMap":{"prefab":{"insertions":878,"deletions":0},"cs":{"insertions":42,"deletions":43}}},{"hash":"88e8c12a1273e4833b92c24fdf7d24de6a844b06","messageTitle":"add bool isUsingDistricts","messageBody":"","fileTypesAndContributionMap":{"cs":{"insertions":10,"deletions":5}}},{"hash":"5b4dcd7f4fd07c8951a1ab6759a87993fd336ce1","messageTitle":"change slot fonts","messageBody":"","fileTypesAndContributionMap":{"prefab":{"insertions":4,"deletions":4}}},{"hash":"3928921e2b3887f5365ed734e60916834a1c4c1f","messageTitle":"refresh timeslots uncomment","messageBody":"","fileTypesAndContributionMap":{"cs":{"insertions":5,"deletions":5}}},{"hash":"9fc23c90393fe94da36b672e0ceacbca78faf332","messageTitle":"add new variables","messageBody":"","fileTypesAndContributionMap":{"cs":{"insertions":12,"deletions":21}}},{"hash":"13b624f2451dce8ce5b31de9bd6365728e0f4f4a","messageTitle":"Update Rumors.asset","messageBody":"","fileTypesAndContributionMap":{"asset":{"insertions":1,"deletions":1}}},{"hash":"bd492e8b3d8e1caff6514e36c93ea5bb836be914","messageTitle":"remove unused code","messageBody":"","fileTypesAndContributionMap":{"cs":{"insertions":0,"deletions":109}}},{"hash":"d93ed7d8eaa98d37c06aae360e2e71862597bd8c","messageTitle":"private and rename some variables","messageBody":"","fileTypesAndContributionMap":{"cs":{"insertions":23,"deletions":24},"unity":{"insertions":1,"deletions":11}}},{"hash":"43ee0f07ee7ac85cccda4bbae3e69eb23d65bbf9","messageTitle":"Update MapController.cs","messageBody":"fix bugs\n","fileTypesAndContributionMap":{"cs":{"insertions":8,"deletions":13}}},{"hash":"8f3b097759b34e043106df8f3c1ee1a283253280","messageTitle":"fix map","messageBody":"","fileTypesAndContributionMap":{"prefab":{"insertions":2,"deletions":3},"cs":{"insertions":13,"deletions":12}}},{"hash":"0ad7ec89f86937fc8f66f070edf7fd586ad8a6ea","messageTitle":"private scheduling ui","messageBody":"","fileTypesAndContributionMap":{"cs":{"insertions":5,"deletions":2}}},{"hash":"2862729bd615a447b5cddfa9f9fe0059256d1c30","messageTitle":"add CampaignMessage class","messageBody":"","fileTypesAndContributionMap":{"cs":{"insertions":13,"deletions":0}}},{"hash":"6c000008e69316c14ff8a368a4109ba780bd554f","messageTitle":"add voting with district execute","messageBody":"","fileTypesAndContributionMap":{"cs":{"insertions":48,"deletions":17}}},{"hash":"224cc5e91b6d6cef950fdd4c65bf7546d8dedd14","messageTitle":"add comment","messageBody":"","fileTypesAndContributionMap":{"cs":{"insertions":2,"deletions":0}}},{"hash":"1ae885eeb6c5e66b08a7732e340555cb1922af56","messageTitle":"add default background","messageBody":"","fileTypesAndContributionMap":{"cs":{"insertions":19,"deletions":15},"unity":{"insertions":8,"deletions":5},"asset":{"insertions":6,"deletions":0}}}]},{"date":"2021-01-08","commitResults":[{"hash":"d4908f37b1cc535ff3924fb61001dd8628e848ac","messageTitle":"Implement minimap","messageBody":"","fileTypesAndContributionMap":{"prefab":{"insertions":2,"deletions":2},"cs":{"insertions":50,"deletions":22},"unity":{"insertions":28,"deletions":81},"asset":{"insertions":4,"deletions":2}}},{"hash":"a6e7101a8f5727316f5f87eff2be9d4a66611e49","messageTitle":"remove whitespace","messageBody":"","fileTypesAndContributionMap":{"cs":{"insertions":0,"deletions":5}}},{"hash":"7f577a17b34a783345e047e95d1ef7c80cb6a706","messageTitle":"add research code","messageBody":"","fileTypesAndContributionMap":{"cs":{"insertions":51,"deletions":4}}},{"hash":"2de36dfe095d1aa90616812ab67d87171e578c78","messageTitle":"add district names","messageBody":"","fileTypesAndContributionMap":{"cs":{"insertions":7,"deletions":5},"asset":{"insertions":19,"deletions":3}}},{"hash":"412d2903a42efe04a9169c636ef4a57b94a24d11","messageTitle":"fix district generating bug","messageBody":"","fileTypesAndContributionMap":{"cs":{"insertions":6,"deletions":5}}}]},{"date":"2021-01-09","commitResults":[{"hash":"ccf932a2abed3ca42bafd0b1a1f2c5f4c2035d16","messageTitle":"black background","messageBody":"","fileTypesAndContributionMap":{"unity":{"insertions":2,"deletions":2}}},{"hash":"bea799d49fe04b568e77023ce6103482a14abbbc","messageTitle":"fix lvl 3 map","messageBody":"","fileTypesAndContributionMap":{"prefab":{"insertions":3,"deletions":3},"asset":{"insertions":2,"deletions":1}}},{"hash":"028a112de7e14939a8b20ecb6897c0bee564518b","messageTitle":"Update LevelThreeMap.prefab","messageBody":"","fileTypesAndContributionMap":{"prefab":{"insertions":5,"deletions":5}}},{"hash":"e645729d4ed0370d7501af9285de41bc79bac13c","messageTitle":"rename districts","messageBody":"","fileTypesAndContributionMap":{"asset":{"insertions":9,"deletions":9}}},{"hash":"dba8da987b98048823024e0436408a33cd387e5a","messageTitle":"fix tutorial prefab","messageBody":"","fileTypesAndContributionMap":{"cs":{"insertions":4,"deletions":3}}},{"hash":"6adeb080e0e09ce86ca2bb12c901f0347af6e486","messageTitle":"better map icon","messageBody":"","fileTypesAndContributionMap":{"unity":{"insertions":157,"deletions":91}}},{"hash":"76e9a7602bdc6c0a7f8a9ffc9a03b8a35e642797","messageTitle":"fix camera","messageBody":"","fileTypesAndContributionMap":{"prefab":{"insertions":2,"deletions":2},"cs":{"insertions":49,"deletions":0},"unity":{"insertions":117,"deletions":6}}},{"hash":"7c147c6080be540c6c8aa3a4bf9bd7850e76efaa","messageTitle":"Update Prototype.unity","messageBody":"","fileTypesAndContributionMap":{"unity":{"insertions":0,"deletions":9}}},{"hash":"e021e5f953208e52ddeb369cdb89df1e8819cf7b","messageTitle":"lvl 3 intro text","messageBody":"","fileTypesAndContributionMap":{"asset":{"insertions":20,"deletions":0}}},{"hash":"511c6d55f206b2b9bdccc2401b02f970ff7437e1","messageTitle":"change win condition","messageBody":"","fileTypesAndContributionMap":{"cs":{"insertions":21,"deletions":6}}},{"hash":"37bbeb9aedd0054d0ee99a012bdf16c254fff08a","messageTitle":"fix speech","messageBody":"","fileTypesAndContributionMap":{"unity":{"insertions":2,"deletions":2},"asset":{"insertions":2,"deletions":1}}}]}]},"authorFileTypeContributionMap":{"gerhean":{"asset":293,"cs":1011,"prefab":1240,"unity":1805}},"authorContributionVariance":{"gerhean":2.3979817E10},"authorDisplayNameMap":{"gerhean":"gerhean"}}
