{"authorDailyContributionsMap":{"gerhean":[{"date":"2020-12-16","commitResults":[{"hash":"58d2ccab0a65ab8283413adc3a2984165f26fdfe","messageTitle":"[#1356] URL: Use `?` instead of `#` before hash parameters (#1371)","messageBody":"Parameters are stored in `window.location.hash` which automatically \r\nadds the `#` symbol to the URL.\r\n\r\nThis leads to issues with copying non-alphabetical characters in \r\nsome pdf applications.\r\n\r\nLet\u0027s replace `#` with `?` in the URL, and also make the symbol easy \r\nto customize in the future.","fileTypesAndContributionMap":{"js":{"insertions":9,"deletions":2}}}]},{"date":"2020-12-20","commitResults":[{"hash":"0b7e276b407fb0ebacc080d5aa347b1c06462fa2","messageTitle":"Remove unused classes (#1363)","messageBody":"Currently there exists some pug files which contain classes \r\nnot referenced in any stylesheet or javascript code.\r\n\r\nRemoving unused classes would improve the readability of code.\r\n\r\nLet\u0027s remove unused css classes from pug files.","tags":["v1.12"],"fileTypesAndContributionMap":{"pug":{"insertions":11,"deletions":11},"scss":{"insertions":1,"deletions":1}}}]},{"date":"2021-01-02","commitResults":[{"hash":"598e2bfea70d888a5c459febe831e7ab182b186e","messageTitle":"[#746, #1351] Dashboard: show a spinner when the view is changing (#1372)","messageBody":"For reports with a large amount of data, the view can take some time to \r\nchange.\r\n\r\nLooking at a frozen browser tab causes anxiety and might lead one to \r\nbelieve that the tab has stopped working, while in reality, it is simply \r\ndoing background processing.\r\n\r\nLet\u0027s \r\n- add an animated loading indicator for the dashboard.\r\n- standardize all loading components to use the same spinner.\r\n\r\n`v-bind:key` for `v-authorship` and `v-zoom` tabs has been changed to \r\nprevent unnecessary rerendering.","fileTypesAndContributionMap":{"pug":{"insertions":13,"deletions":9},"scss":{"insertions":10,"deletions":16},"js":{"insertions":86,"deletions":27}}}]},{"date":"2021-01-26","commitResults":[{"hash":"b4c083b00b69820faf3e29691c9a76a79791c305","messageTitle":"[#1424] Call `window.decodeHash` only once (#1428)","messageBody":"`window.decodeHash()` is called several times throughout the code.\r\n\r\nIt does not make sense for it to be called more than once per page \r\nreload because it is used to reads params from the URL.\r\n\r\nLet\u0027s \r\n- call `window.decodeHash()` only once in the entire code.\r\n- call `window.decodeHash()` before `window.encodeHash()` can \r\n  possibly be called.","fileTypesAndContributionMap":{"js":{"insertions":1,"deletions":7}}}]}]},"authorFileTypeContributionMap":{"gerhean":{"pug":24,"scss":10,"js":93}},"authorContributionVariance":{"gerhean":611.69385},"authorDisplayNameMap":{"gerhean":"gerhean"}}
