{"authorDailyContributionsMap":{"gerhean":[{"date":"2020-12-16","commitResults":[{"hash":"58d2ccab0a65ab8283413adc3a2984165f26fdfe","messageTitle":"[#1356] URL: Use `?` instead of `#` before hash parameters (#1371)","messageBody":"Parameters are stored in `window.location.hash` which automatically \r\nadds the `#` symbol to the URL.\r\n\r\nThis leads to issues with copying non-alphabetical characters in \r\nsome pdf applications.\r\n\r\nLet\u0027s replace `#` with `?` in the URL, and also make the symbol easy \r\nto customize in the future.","fileTypesAndContributionMap":{"js":{"insertions":9,"deletions":2}}}]},{"date":"2020-12-20","commitResults":[{"hash":"0b7e276b407fb0ebacc080d5aa347b1c06462fa2","messageTitle":"Remove unused classes (#1363)","messageBody":"Currently there exists some pug files which contain classes \r\nnot referenced in any stylesheet or javascript code.\r\n\r\nRemoving unused classes would improve the readability of code.\r\n\r\nLet\u0027s remove unused css classes from pug files.","tags":["v1.12"],"fileTypesAndContributionMap":{"pug":{"insertions":11,"deletions":11},"scss":{"insertions":1,"deletions":1}}}]},{"date":"2021-01-02","commitResults":[{"hash":"598e2bfea70d888a5c459febe831e7ab182b186e","messageTitle":"[#746, #1351] Dashboard: show a spinner when the view is changing (#1372)","messageBody":"For reports with a large amount of data, the view can take some time to \r\nchange.\r\n\r\nLooking at a frozen browser tab causes anxiety and might lead one to \r\nbelieve that the tab has stopped working, while in reality, it is simply \r\ndoing background processing.\r\n\r\nLet\u0027s \r\n- add an animated loading indicator for the dashboard.\r\n- standardize all loading components to use the same spinner.\r\n\r\n`v-bind:key` for `v-authorship` and `v-zoom` tabs has been changed to \r\nprevent unnecessary rerendering.","fileTypesAndContributionMap":{"pug":{"insertions":13,"deletions":9},"scss":{"insertions":10,"deletions":16},"js":{"insertions":86,"deletions":27}}}]},{"date":"2021-01-26","commitResults":[{"hash":"b4c083b00b69820faf3e29691c9a76a79791c305","messageTitle":"[#1424] Call `window.decodeHash` only once (#1428)","messageBody":"`window.decodeHash()` is called several times throughout the code.\r\n\r\nIt does not make sense for it to be called more than once per page \r\nreload because it is used to reads params from the URL.\r\n\r\nLet\u0027s \r\n- call `window.decodeHash()` only once in the entire code.\r\n- call `window.decodeHash()` before `window.encodeHash()` can \r\n  possibly be called.","fileTypesAndContributionMap":{"js":{"insertions":1,"deletions":7}}}]},{"date":"2021-02-01","commitResults":[{"hash":"2c6ac34189a8b974afc6f4db0f22abf567f10e0f","messageTitle":"[#1340] v_segment: rewrite toggling logic (#1416)","messageBody":"`v_segment` uses `window.toggleNext()` to show and hide code.\r\n\r\n`window.toggleNext()` directly modifies HTML(add classes and \r\nelements directly), and so might conflict with how Vue works. And as \r\na result, using `window.toggleNext()` creates code which is hard to \r\ndebug and maintain.\r\n\r\nLet\u0027s rewrite `v_segment` to use the Vue way of hiding and showing \r\nelements by using `v-if`.","fileTypesAndContributionMap":{"pug":{"insertions":21,"deletions":8},"scss":{"insertions":0,"deletions":35},"js":{"insertions":4,"deletions":15}}}]},{"date":"2021-02-07","commitResults":[{"hash":"2183ba49eb01bf5160129e40ff0110c3cacbb5c3","messageTitle":"DG: remove need to open PR for small issues (#1422)","messageBody":"The DG suggests that before making a PR, contributors should post an \r\nissue first and wait for it to be acknowledged.\r\n\r\nThis is deemed to be unnecessary for small changes, such as fixing \r\ngrammatical errors in documentation or simple bug fixes.\r\n\r\nLet\u0027s add a line in the DG that it is unnecessary to create an issue \r\nfor simple documentation fixes or tasks with clear instructions.","fileTypesAndContributionMap":{"md":{"insertions":1,"deletions":0}}},{"hash":"6a9f00f2af75d45550a9c7768e2013e4357f86d6","messageTitle":"[#1423] Fix Vue build warning (#1442)","messageBody":"ESLint complains about unnamed functions, alerts, and linebreaks on \r\nWindows.\r\n\r\nLet\u0027s stop ESLint from complaining about unnecessary warnings, and \r\nstandardize function declarations.","fileTypesAndContributionMap":{"json":{"insertions":4,"deletions":1},"js":{"insertions":2,"deletions":2}}},{"hash":"06b61211a08f1b0b2dcdbef8d75cede35f528817","messageTitle":"[#1417] Change the way api.js loads json files (#1418)","messageBody":"`api.js` uses `XMLHttpRequest` and `promises` to load JSON files \r\nfrom the server. However, using the fetch api with `async-await `\r\ncan result in cleaner and more easily maintainable code.\r\n\r\nFurthermore, uploading zip files does not work, as the variable used \r\nto denote the zip file is set to be a const null value, which cannot \r\nbe changed when using the website.\r\n\r\nLet\u0027s \r\n- use fetch and async-await to get the JSON file.\r\n- fix the uploading of zip files.","fileTypesAndContributionMap":{"js":{"insertions":99,"deletions":91}}}]},{"date":"2021-02-22","commitResults":[{"hash":"7b8dd64a641c1a604b516e3e1ee0a0c16c15559a","messageTitle":"[#1426] Zoom reloading not function properly (#1437)","messageBody":"Zoom reloading may not function properly sometimes due to the \r\n`zFilterSearch` parameter of the URL is the string \u0027undefined\u0027.\r\n\r\nIt causes `restoreZoomFiltered` in `v_summary.js` to crash as \r\n`isMatchSearchedUser(zFilterSearch, user)` does not match any user \r\nleading to an array index out of bounds error.\r\n\r\nLet\u0027s fix this by ensuring that `zFilterSearch` is defined in \r\n`v_ramp`, such that `zFilterSearch\u003d\u0027undefined\u0027` is not generated in \r\nthe URL, when one clicks on the ramp.","fileTypesAndContributionMap":{"pug":{"insertions":2,"deletions":1}}}]}]},"authorFileTypeContributionMap":{"gerhean":{"json":4,"md":1,"pug":47,"scss":10,"js":145}},"authorContributionVariance":{"gerhean":1015.94556},"authorDisplayNameMap":{"gerhean":"gerhean"}}
