{"authorDailyContributionsMap":{"ongspxm":[],"jamessspanggg":[{"date":"2021-01-04","commitResults":[{"hash":"3b42fb4a370dddc13a65c74abb2838b1d9f25443","messageTitle":"Update `About us` page (#1393)","messageBody":"The `About us` page contains outdated information as some \r\ncontributors no longer participate in RepoSense.\r\n\r\nLet\u0027s update the `About us` page to reflect the most recent team \r\narrangements.","fileTypesAndContributionMap":{"md":{"insertions":55,"deletions":30}}}]}],"yamidark":[],"yong24s":[],"eugenepeh":[]},"authorFileTypeContributionMap":{"ongspxm":{"gradle":0,"pug":0,"java":0,"js":0,"md":0,"scss":0,"yml":0},"jamessspanggg":{"gradle":0,"pug":0,"java":0,"js":0,"md":55,"scss":0,"yml":0},"yamidark":{"gradle":0,"pug":0,"java":0,"js":0,"md":0,"scss":0,"yml":0},"yong24s":{"gradle":0,"pug":0,"java":0,"js":0,"md":0,"scss":0,"yml":0},"eugenepeh":{"gradle":0,"pug":0,"java":0,"js":0,"md":0,"scss":0,"yml":0}},"authorContributionVariance":{"ongspxm":0.0,"jamessspanggg":1354.6875,"yamidark":0.0,"yong24s":0.0,"eugenepeh":0.0},"authorDisplayNameMap":{"ongspxm":"Metta","jamessspanggg":"James","yamidark":"Jun An","yong24s":"Yong Hao","eugenepeh":"Eugene"}}
