[{"path":"static/assets/STIXGeneral-Bold-subset-dd00ae1c082e99f0cef0cea6dcfae44bc4ad32fa0b3a062b1e31d559ae754aac.woff","fileType":"woff","isBinary":true,"lines":[],"authorContributionMap":{"-":0}},{"path":"static/assets/STIXGeneral-Italic-subset-88ba81c7066a68146e602d6b753a15cc02eb4be7d2cbb4e028861e56174a7cbe.woff","fileType":"woff","isBinary":true,"lines":[],"authorContributionMap":{"-":0}},{"path":"static/assets/STIXGeneral-Regular-subset-5f89b6949d5825d4a0f792efa99e2f0a744eeed5abe6cfa6d8d285fb46e9ec11.woff","fileType":"woff","isBinary":true,"lines":[],"authorContributionMap":{"-":0}},{"path":"static/assets/STIXIntegralsD-Regular-889027cd937e4fccb778d834afdee88af0e6e5a10fcbbdac6769075635bea449.woff","fileType":"woff","isBinary":true,"lines":[],"authorContributionMap":{"-":0}},{"path":"static/assets/STIXSizeFiveSym-Regular-299a0c15c89a02ccb2b091b669b138e2e3004ca2f479ff45388ed7f9fd6cb061.woff","fileType":"woff","isBinary":true,"lines":[],"authorContributionMap":{"-":0}},{"path":"static/assets/STIXSizeFourSym-Regular-cf69567ce2f42a79ebf6be6da209f771ff9e3e58f05c3229e4f0c276f5fbf0e8.woff","fileType":"woff","isBinary":true,"lines":[],"authorContributionMap":{"-":0}},{"path":"static/assets/STIXSizeOneSym-Regular-9a0ac960d0080fd67cb6dcd42efadaddd2ce11c6cf5f972f7a921a2e15ebf9e4.woff","fileType":"woff","isBinary":true,"lines":[],"authorContributionMap":{"-":0}},{"path":"static/assets/STIXSizeThreeSym-Regular-db9dfdf0e6d21f878fc4b85f9f47173a2c3e2fb04907a559855b9527fb9be0fc.woff","fileType":"woff","isBinary":true,"lines":[],"authorContributionMap":{"-":0}},{"path":"static/assets/STIXSizeTwoSym-Regular-10e4bab0e8dc97d21b60126e5206710207c364896770a3dca31bbb52f67694ec.woff","fileType":"woff","isBinary":true,"lines":[],"authorContributionMap":{"-":0}},{"path":"static/assets/dejamono-r-subset-363ea14326b52a7b28231dae536c21bbc366a184efd7cdf05c9ea4712137c9e8.woff","fileType":"woff","isBinary":true,"lines":[],"authorContributionMap":{"-":0}},{"path":"static/assets/dejasans-b-arrows-8159752bada811e5dcf9eb629a56acf8d01cda6a857c7a885d9a22a60ca604a1.woff","fileType":"woff","isBinary":true,"lines":[],"authorContributionMap":{"-":0}},{"path":"static/assets/favicon.ico","fileType":"ico","isBinary":true,"lines":[],"authorContributionMap":{"-":0}},{"path":"static/assets/incons-r-subset-a955633415ee5895fdabc806010283947985aa8ffdd4e76a263d1970f7b88279.woff","fileType":"woff","isBinary":true,"lines":[],"authorContributionMap":{"-":0}},{"path":"static/assets/incons-rb-subset-99fed3a11e97338db2ce6f71fea1aea28b97532ff428c22c4e894c9a71ff8992.woff","fileType":"woff","isBinary":true,"lines":[],"authorContributionMap":{"-":0}},{"path":"static/assets/incons-ri-subset-3072599fc33ed119513d168009dcee261a7395900e5c6492c0f3892879253070.woff","fileType":"woff","isBinary":true,"lines":[],"authorContributionMap":{"-":0}},{"path":"static/assets/jsMath-cmex10-subset-d3865009872e1bf96eff047a22a3d4e94fdacc3b69c8f8f9bb8ef7113f53c19f.woff","fileType":"woff","isBinary":true,"lines":[],"authorContributionMap":{"-":0}},{"path":"static/assets/linbio-r-subset-2af6cb05ff2e194caf1a61f4300f3ebb4fca00bfbe993422aae2f10ade07aa78.woff","fileType":"woff","isBinary":true,"lines":[],"authorContributionMap":{"-":0}},{"path":"static/assets/linbio-rb-subset-2fcd618e67a669d9baa52072e27fa3c3f08ac655793ece7a788fa496e3cccac0.woff","fileType":"woff","isBinary":true,"lines":[],"authorContributionMap":{"-":0}},{"path":"static/assets/linbio-ri-subset-b8c9bbd29d34f255d3eb479c9000ac4c55bae79f1509b792b41fbc7449a67e7c.woff","fileType":"woff","isBinary":true,"lines":[],"authorContributionMap":{"-":0}},{"path":"static/assets/linlib-as-subset-c15e991694c9569e1f2b8c16ff1adb7a13c1d4a3ab7f479c8b8e49ceb0926217.woff","fileType":"woff","isBinary":true,"lines":[],"authorContributionMap":{"-":0}},{"path":"static/assets/linlib-r-subset-2ca891d0a3c77919532630108be2153c0ebd6c5d6dd50a4985291517ccfd1add.woff","fileType":"woff","isBinary":true,"lines":[],"authorContributionMap":{"-":0}},{"path":"static/assets/linlib-rb-subset-99de13d167ea6f5c576c07854184fa9ac3e70f94ea93904285fbcba8ecedae7a.woff","fileType":"woff","isBinary":true,"lines":[],"authorContributionMap":{"-":0}},{"path":"static/assets/linlib-ri-subset-758e855f93382848480ceeacb368f54ec6da5520920667ef8b6748c7fac81c97.woff","fileType":"woff","isBinary":true,"lines":[],"authorContributionMap":{"-":0}},{"path":"static/assets/sourcepower.ico","fileType":"ico","isBinary":true,"lines":[],"authorContributionMap":{"-":0}},{"path":"static/chapters/img_javascript/ch1-Z-G-7.svg.pdf","fileType":"pdf","isBinary":true,"lines":[],"authorContributionMap":{"-":0}},{"path":"static/favicon/lambda1.ico","fileType":"ico","isBinary":true,"lines":[],"authorContributionMap":{"-":0}},{"path":"static/favicon/lambda1.pptx","fileType":"pptx","isBinary":true,"lines":[],"authorContributionMap":{"-":0}},{"path":"static/favicon/lambda1_fat_circle.pptx","fileType":"pptx","isBinary":true,"lines":[],"authorContributionMap":{"-":0}},{"path":"static/favicon/lambda1_transparent.png","fileType":"png","isBinary":true,"lines":[],"authorContributionMap":{"-":0}},{"path":"static/favicon/lambda2.ico","fileType":"ico","isBinary":true,"lines":[],"authorContributionMap":{"-":0}},{"path":"static/favicon/lambda2.pdf","fileType":"pdf","isBinary":true,"lines":[],"authorContributionMap":{"-":0}},{"path":"static/favicon/lambda2.pptx","fileType":"pptx","isBinary":true,"lines":[],"authorContributionMap":{"-":0}},{"path":"static/favicon/lambda2.psd","fileType":"psd","isBinary":true,"lines":[],"authorContributionMap":{"-":0}},{"path":"static/favicon/lambda2_transparent.png","fileType":"png","isBinary":true,"lines":[],"authorContributionMap":{"-":0}},{"path":"static/fonts/STIXGeneral-Bold-subset.woff","fileType":"woff","isBinary":true,"lines":[],"authorContributionMap":{"-":0}},{"path":"static/fonts/STIXGeneral-Italic-subset.woff","fileType":"woff","isBinary":true,"lines":[],"authorContributionMap":{"-":0}},{"path":"static/fonts/STIXGeneral-Regular-subset.woff","fileType":"woff","isBinary":true,"lines":[],"authorContributionMap":{"-":0}},{"path":"static/fonts/STIXIntegralsD-Regular.woff","fileType":"woff","isBinary":true,"lines":[],"authorContributionMap":{"-":0}},{"path":"static/fonts/STIXSizeFiveSym-Regular.woff","fileType":"woff","isBinary":true,"lines":[],"authorContributionMap":{"-":0}},{"path":"static/fonts/STIXSizeFourSym-Regular.woff","fileType":"woff","isBinary":true,"lines":[],"authorContributionMap":{"-":0}},{"path":"static/fonts/STIXSizeOneSym-Regular.woff","fileType":"woff","isBinary":true,"lines":[],"authorContributionMap":{"-":0}},{"path":"static/fonts/STIXSizeThreeSym-Regular.woff","fileType":"woff","isBinary":true,"lines":[],"authorContributionMap":{"-":0}},{"path":"static/fonts/STIXSizeTwoSym-Regular.woff","fileType":"woff","isBinary":true,"lines":[],"authorContributionMap":{"-":0}},{"path":"static/fonts/dejamono-r-subset.woff","fileType":"woff","isBinary":true,"lines":[],"authorContributionMap":{"-":0}},{"path":"static/fonts/dejasans-b-arrows.woff","fileType":"woff","isBinary":true,"lines":[],"authorContributionMap":{"-":0}},{"path":"static/fonts/incons-r-subset.woff","fileType":"woff","isBinary":true,"lines":[],"authorContributionMap":{"-":0}},{"path":"static/fonts/incons-rb-subset.woff","fileType":"woff","isBinary":true,"lines":[],"authorContributionMap":{"-":0}},{"path":"static/fonts/incons-ri-subset.woff","fileType":"woff","isBinary":true,"lines":[],"authorContributionMap":{"-":0}},{"path":"static/fonts/jsMath-cmex10-subset.woff","fileType":"woff","isBinary":true,"lines":[],"authorContributionMap":{"-":0}},{"path":"static/fonts/linbio-r-subset.woff","fileType":"woff","isBinary":true,"lines":[],"authorContributionMap":{"-":0}},{"path":"static/fonts/linbio-rb-subset.woff","fileType":"woff","isBinary":true,"lines":[],"authorContributionMap":{"-":0}},{"path":"static/fonts/linbio-ri-subset.woff","fileType":"woff","isBinary":true,"lines":[],"authorContributionMap":{"-":0}},{"path":"static/fonts/linlib-as-subset.woff","fileType":"woff","isBinary":true,"lines":[],"authorContributionMap":{"-":0}},{"path":"static/fonts/linlib-r-subset.woff","fileType":"woff","isBinary":true,"lines":[],"authorContributionMap":{"-":0}},{"path":"static/fonts/linlib-rb-subset.woff","fileType":"woff","isBinary":true,"lines":[],"authorContributionMap":{"-":0}},{"path":"static/fonts/linlib-ri-subset.woff","fileType":"woff","isBinary":true,"lines":[],"authorContributionMap":{"-":0}},{"path":"static/images/coverpage.png","fileType":"png","isBinary":true,"lines":[],"authorContributionMap":{"-":0}},{"path":"static/images/sicp.png","fileType":"png","isBinary":true,"lines":[],"authorContributionMap":{"-":0}},{"path":"static/img_javascript/2.14.svg.pdf","fileType":"pdf","isBinary":true,"lines":[],"authorContributionMap":{"-":0}},{"path":"static/img_javascript/Fig2.14.svg.pdf","fileType":"pdf","isBinary":true,"lines":[],"authorContributionMap":{"-":0}},{"path":"static/img_javascript/Fig2.14b.std.svg.pdf","fileType":"pdf","isBinary":true,"lines":[],"authorContributionMap":{"-":0}},{"path":"static/img_javascript/Fig3.30b.svg.pdf","fileType":"pdf","isBinary":true,"lines":[],"authorContributionMap":{"-":0}},{"path":"static/img_javascript/Fig4.4a.std.pdf","fileType":"pdf","isBinary":true,"lines":[],"authorContributionMap":{"-":0}},{"path":"static/img_javascript/Fig4.4a.std.svg.pdf","fileType":"pdf","isBinary":true,"lines":[],"authorContributionMap":{"-":0}},{"path":"static/img_javascript/Fig4.5a.std.pdf","fileType":"pdf","isBinary":true,"lines":[],"authorContributionMap":{"-":0}},{"path":"static/img_javascript/Fig4.5a.std.svg.pdf","fileType":"pdf","isBinary":true,"lines":[],"authorContributionMap":{"-":0}},{"path":"static/img_javascript/Fig4.6a.std.pdf","fileType":"pdf","isBinary":true,"lines":[],"authorContributionMap":{"-":0}},{"path":"static/img_javascript/Fig4.6a.std.svg.pdf","fileType":"pdf","isBinary":true,"lines":[],"authorContributionMap":{"-":0}},{"path":"static/img_javascript/Fig5.11b.std.svg.pdf","fileType":"pdf","isBinary":true,"lines":[],"authorContributionMap":{"-":0}},{"path":"static/img_javascript/Fig5.14b.std.pdf","fileType":"pdf","isBinary":true,"lines":[],"authorContributionMap":{"-":0}},{"path":"static/img_javascript/Fig5.14b.std.svg.pdf","fileType":"pdf","isBinary":true,"lines":[],"authorContributionMap":{"-":0}},{"path":"static/img_javascript/Fig5.15c.std.pdf","fileType":"pdf","isBinary":true,"lines":[],"authorContributionMap":{"-":0}},{"path":"static/img_javascript/Fig5.15c.std.svg.pdf","fileType":"pdf","isBinary":true,"lines":[],"authorContributionMap":{"-":0}},{"path":"static/img_javascript/Fig5.4c.std.pdf","fileType":"pdf","isBinary":true,"lines":[],"authorContributionMap":{"-":0}},{"path":"static/img_javascript/Fig5.4c.std.svg.pdf","fileType":"pdf","isBinary":true,"lines":[],"authorContributionMap":{"-":0}},{"path":"static/img_javascript/Fig5.7b.std.svg.pdf","fileType":"pdf","isBinary":true,"lines":[],"authorContributionMap":{"-":0}},{"path":"static/img_javascript/Untitled.tiff","fileType":"tiff","isBinary":true,"lines":[],"authorContributionMap":{"-":0}},{"path":"static/img_javascript/cc_1.png","fileType":"png","isBinary":true,"lines":[],"authorContributionMap":{"-":0}},{"path":"static/img_javascript/cc_2.png","fileType":"png","isBinary":true,"lines":[],"authorContributionMap":{"-":0}},{"path":"static/img_javascript/cc_3.png","fileType":"png","isBinary":true,"lines":[],"authorContributionMap":{"-":0}},{"path":"static/img_javascript/ch1-Z-G-1.svg.pdf","fileType":"pdf","isBinary":true,"lines":[],"authorContributionMap":{"-":0}},{"path":"static/img_javascript/ch1-Z-G-10.svg.pdf","fileType":"pdf","isBinary":true,"lines":[],"authorContributionMap":{"-":0}},{"path":"static/img_javascript/ch1-Z-G-13.svg.pdf","fileType":"pdf","isBinary":true,"lines":[],"authorContributionMap":{"-":0}},{"path":"static/img_javascript/ch1-Z-G-6.svg.pdf","fileType":"pdf","isBinary":true,"lines":[],"authorContributionMap":{"-":0}},{"path":"static/img_javascript/ch1-Z-G-7.svg.pdf","fileType":"pdf","isBinary":true,"lines":[],"authorContributionMap":{"-":0}},{"path":"static/img_javascript/ch2-Z-G-11.svg.pdf","fileType":"pdf","isBinary":true,"lines":[],"authorContributionMap":{"-":0}},{"path":"static/img_javascript/ch2-Z-G-12.svg.pdf","fileType":"pdf","isBinary":true,"lines":[],"authorContributionMap":{"-":0}},{"path":"static/img_javascript/ch2-Z-G-13.svg.pdf","fileType":"pdf","isBinary":true,"lines":[],"authorContributionMap":{"-":0}},{"path":"static/img_javascript/ch2-Z-G-15.svg.pdf","fileType":"pdf","isBinary":true,"lines":[],"authorContributionMap":{"-":0}},{"path":"static/img_javascript/ch2-Z-G-16.svg.pdf","fileType":"pdf","isBinary":true,"lines":[],"authorContributionMap":{"-":0}},{"path":"static/img_javascript/ch2-Z-G-17.pptx","fileType":"pptx","isBinary":true,"lines":[],"authorContributionMap":{"-":0}},{"path":"static/img_javascript/ch2-Z-G-17.svg.pdf","fileType":"pdf","isBinary":true,"lines":[],"authorContributionMap":{"-":0}},{"path":"static/img_javascript/ch2-Z-G-25.gif","fileType":"gif","isBinary":true,"lines":[],"authorContributionMap":{"-":0}},{"path":"static/img_javascript/ch2-Z-G-25.jpg","fileType":"jpg","isBinary":true,"lines":[],"authorContributionMap":{"-":0}},{"path":"static/img_javascript/ch2-Z-G-37.svg.pdf","fileType":"pdf","isBinary":true,"lines":[],"authorContributionMap":{"-":0}},{"path":"static/img_javascript/ch2-Z-G-51.svg.pdf","fileType":"pdf","isBinary":true,"lines":[],"authorContributionMap":{"-":0}},{"path":"static/img_javascript/ch2-Z-G-54.png","fileType":"png","isBinary":true,"lines":[],"authorContributionMap":{"-":0}},{"path":"static/img_javascript/ch2-Z-G-54.svg.pdf","fileType":"pdf","isBinary":true,"lines":[],"authorContributionMap":{"-":0}},{"path":"static/img_javascript/ch2-Z-G-59.png","fileType":"png","isBinary":true,"lines":[],"authorContributionMap":{"-":0}},{"path":"static/img_javascript/ch2-Z-G-59.svg.pdf","fileType":"pdf","isBinary":true,"lines":[],"authorContributionMap":{"-":0}},{"path":"static/img_javascript/ch2-Z-G-6.svg.pdf","fileType":"pdf","isBinary":true,"lines":[],"authorContributionMap":{"-":0}},{"path":"static/img_javascript/ch2-Z-G-62.svg.pdf","fileType":"pdf","isBinary":true,"lines":[],"authorContributionMap":{"-":0}},{"path":"static/img_javascript/ch2-Z-G-63.svg.pdf","fileType":"pdf","isBinary":true,"lines":[],"authorContributionMap":{"-":0}},{"path":"static/img_javascript/ch2-Z-G-64.png","fileType":"png","isBinary":true,"lines":[],"authorContributionMap":{"-":0}},{"path":"static/img_javascript/ch2-Z-G-64.svg.pdf","fileType":"pdf","isBinary":true,"lines":[],"authorContributionMap":{"-":0}},{"path":"static/img_javascript/ch2-Z-G-65.svg.pdf","fileType":"pdf","isBinary":true,"lines":[],"authorContributionMap":{"-":0}},{"path":"static/img_javascript/ch2-Z-G-ex-2-24-tree.png","fileType":"png","isBinary":true,"lines":[],"authorContributionMap":{"-":0}},{"path":"static/img_javascript/ch2-Z-G-ex-2-24-tree.svg.pdf","fileType":"pdf","isBinary":true,"lines":[],"authorContributionMap":{"-":0}},{"path":"static/img_javascript/ch2-Z-G-ex-2-24.svg.pdf","fileType":"pdf","isBinary":true,"lines":[],"authorContributionMap":{"-":0}},{"path":"static/img_javascript/ch2_3_4-1.pdf","fileType":"pdf","isBinary":true,"lines":[],"authorContributionMap":{"-":0}},{"path":"static/img_javascript/ch2_3_4-1.svg.pdf","fileType":"pdf","isBinary":true,"lines":[],"authorContributionMap":{"-":0}},{"path":"static/img_javascript/ch2_3_4-2.pdf","fileType":"pdf","isBinary":true,"lines":[],"authorContributionMap":{"-":0}},{"path":"static/img_javascript/ch2_3_4-2.svg.pdf","fileType":"pdf","isBinary":true,"lines":[],"authorContributionMap":{"-":0}},{"path":"static/img_javascript/ch3-Z-G-10.svg.pdf","fileType":"pdf","isBinary":true,"lines":[],"authorContributionMap":{"-":0}},{"path":"static/img_javascript/ch3-Z-G-11.png","fileType":"png","isBinary":true,"lines":[],"authorContributionMap":{"-":0}},{"path":"static/img_javascript/ch3-Z-G-11.svg.pdf","fileType":"pdf","isBinary":true,"lines":[],"authorContributionMap":{"-":0}},{"path":"static/img_javascript/ch3-Z-G-12.png","fileType":"png","isBinary":true,"lines":[],"authorContributionMap":{"-":0}},{"path":"static/img_javascript/ch3-Z-G-12.svg.pdf","fileType":"pdf","isBinary":true,"lines":[],"authorContributionMap":{"-":0}},{"path":"static/img_javascript/ch3-Z-G-13.svg.pdf","fileType":"pdf","isBinary":true,"lines":[],"authorContributionMap":{"-":0}},{"path":"static/img_javascript/ch3-Z-G-14.svg.pdf","fileType":"pdf","isBinary":true,"lines":[],"authorContributionMap":{"-":0}},{"path":"static/img_javascript/ch3-Z-G-15.svg.pdf","fileType":"pdf","isBinary":true,"lines":[],"authorContributionMap":{"-":0}},{"path":"static/img_javascript/ch3-Z-G-16.svg.pdf","fileType":"pdf","isBinary":true,"lines":[],"authorContributionMap":{"-":0}},{"path":"static/img_javascript/ch3-Z-G-17.svg.pdf","fileType":"pdf","isBinary":true,"lines":[],"authorContributionMap":{"-":0}},{"path":"static/img_javascript/ch3-Z-G-18.svg.pdf","fileType":"pdf","isBinary":true,"lines":[],"authorContributionMap":{"-":0}},{"path":"static/img_javascript/ch3-Z-G-19.svg.pdf","fileType":"pdf","isBinary":true,"lines":[],"authorContributionMap":{"-":0}},{"path":"static/img_javascript/ch3-Z-G-2.svg.pdf","fileType":"pdf","isBinary":true,"lines":[],"authorContributionMap":{"-":0}},{"path":"static/img_javascript/ch3-Z-G-20.svg.pdf","fileType":"pdf","isBinary":true,"lines":[],"authorContributionMap":{"-":0}},{"path":"static/img_javascript/ch3-Z-G-21.svg.pdf","fileType":"pdf","isBinary":true,"lines":[],"authorContributionMap":{"-":0}},{"path":"static/img_javascript/ch3-Z-G-22.svg.pdf","fileType":"pdf","isBinary":true,"lines":[],"authorContributionMap":{"-":0}},{"path":"static/img_javascript/ch3-Z-G-23.svg.pdf","fileType":"pdf","isBinary":true,"lines":[],"authorContributionMap":{"-":0}},{"path":"static/img_javascript/ch3-Z-G-3.svg.pdf","fileType":"pdf","isBinary":true,"lines":[],"authorContributionMap":{"-":0}},{"path":"static/img_javascript/ch3-Z-G-31.svg.pdf","fileType":"pdf","isBinary":true,"lines":[],"authorContributionMap":{"-":0}},{"path":"static/img_javascript/ch3-Z-G-35.svg.pdf","fileType":"pdf","isBinary":true,"lines":[],"authorContributionMap":{"-":0}},{"path":"static/img_javascript/ch3-Z-G-4.svg.pdf","fileType":"pdf","isBinary":true,"lines":[],"authorContributionMap":{"-":0}},{"path":"static/img_javascript/ch3-Z-G-49.svg.pdf","fileType":"pdf","isBinary":true,"lines":[],"authorContributionMap":{"-":0}},{"path":"static/img_javascript/ch3-Z-G-5.svg.pdf","fileType":"pdf","isBinary":true,"lines":[],"authorContributionMap":{"-":0}},{"path":"static/img_javascript/ch3-Z-G-6.svg.pdf","fileType":"pdf","isBinary":true,"lines":[],"authorContributionMap":{"-":0}},{"path":"static/img_javascript/ch3-Z-G-7.svg.pdf","fileType":"pdf","isBinary":true,"lines":[],"authorContributionMap":{"-":0}},{"path":"static/img_javascript/ch3-Z-G-8.svg.pdf","fileType":"pdf","isBinary":true,"lines":[],"authorContributionMap":{"-":0}},{"path":"static/img_javascript/ch3-Z-G-9.svg.pdf","fileType":"pdf","isBinary":true,"lines":[],"authorContributionMap":{"-":0}},{"path":"static/img_javascript/ch3.18.svg.pdf","fileType":"pdf","isBinary":true,"lines":[],"authorContributionMap":{"-":0}},{"path":"static/img_javascript/ch4-Z-G-1.svg.pdf","fileType":"pdf","isBinary":true,"lines":[],"authorContributionMap":{"-":0}},{"path":"static/img_javascript/ch4-Z-G-3.svg.pdf","fileType":"pdf","isBinary":true,"lines":[],"authorContributionMap":{"-":0}},{"path":"static/img_javascript/ch4-parse-abstraction.svg.pdf","fileType":"pdf","isBinary":true,"lines":[],"authorContributionMap":{"-":0}},{"path":"static/img_javascript/ch4-syntax-abstraction-logic-programming.svg.pdf","fileType":"pdf","isBinary":true,"lines":[],"authorContributionMap":{"-":0}},{"path":"static/img_javascript/ch4-syntax-abstraction-logic-programming2.pdf","fileType":"pdf","isBinary":true,"lines":[],"authorContributionMap":{"-":0}},{"path":"static/img_javascript/ch4-syntax-abstraction-logic-programming2.svg.pdf","fileType":"pdf","isBinary":true,"lines":[],"authorContributionMap":{"-":0}},{"path":"static/img_javascript/corner_split_heart.png","fileType":"png","isBinary":true,"lines":[],"authorContributionMap":{"-":0}},{"path":"static/img_javascript/cross-carpet.png","fileType":"png","isBinary":true,"lines":[],"authorContributionMap":{"-":0}},{"path":"static/img_javascript/ex1-14.png","fileType":"png","isBinary":true,"lines":[],"authorContributionMap":{"-":0}},{"path":"static/img_javascript/ex1-14.svg.pdf","fileType":"pdf","isBinary":true,"lines":[],"authorContributionMap":{"-":0}},{"path":"static/img_javascript/heart-carpet.png","fileType":"png","isBinary":true,"lines":[],"authorContributionMap":{"-":0}},{"path":"static/img_javascript/heart.png","fileType":"png","isBinary":true,"lines":[],"authorContributionMap":{"-":0}},{"path":"static/img_javascript/heart.pptx","fileType":"pptx","isBinary":true,"lines":[],"authorContributionMap":{"-":0}},{"path":"static/img_javascript/heart2.png","fileType":"png","isBinary":true,"lines":[],"authorContributionMap":{"-":0}},{"path":"static/img_javascript/heart4.png","fileType":"png","isBinary":true,"lines":[],"authorContributionMap":{"-":0}},{"path":"static/img_javascript/heart_shapes.png","fileType":"png","isBinary":true,"lines":[],"authorContributionMap":{"-":0}},{"path":"static/img_javascript/heart_shapes.pptx","fileType":"pptx","isBinary":true,"lines":[],"authorContributionMap":{"-":0}},{"path":"static/img_javascript/preserving_table.svg.pdf","fileType":"pdf","isBinary":true,"lines":[],"authorContributionMap":{"-":0}},{"path":"static/img_javascript/right_split_heart.png","fileType":"png","isBinary":true,"lines":[],"authorContributionMap":{"-":0}},{"path":"static/img_javascript/runes.png","fileType":"png","isBinary":true,"lines":[],"authorContributionMap":{"-":0}},{"path":"static/img_javascript/sicp.jpg","fileType":"jpg","isBinary":true,"lines":[],"authorContributionMap":{"-":0}},{"path":"static/img_javascript/sicp.png","fileType":"png","isBinary":true,"lines":[],"authorContributionMap":{"-":0}},{"path":"static/img_javascript/state.pptx","fileType":"pptx","isBinary":true,"lines":[],"authorContributionMap":{"-":0}},{"path":"static/img_original/2.10.svg.pdf","fileType":"pdf","isBinary":true,"lines":[],"authorContributionMap":{"-":0}},{"path":"static/img_original/2.11.svg.pdf","fileType":"pdf","isBinary":true,"lines":[],"authorContributionMap":{"-":0}},{"path":"static/img_original/2.12.svg.pdf","fileType":"pdf","isBinary":true,"lines":[],"authorContributionMap":{"-":0}},{"path":"static/img_original/2.9.svg.pdf","fileType":"pdf","isBinary":true,"lines":[],"authorContributionMap":{"-":0}},{"path":"static/img_original/527table.svg.pdf","fileType":"pdf","isBinary":true,"lines":[],"authorContributionMap":{"-":0}},{"path":"static/img_original/BY-NC-SA.png","fileType":"png","isBinary":true,"lines":[],"authorContributionMap":{"-":0}},{"path":"static/img_original/BY-SA.png","fileType":"png","isBinary":true,"lines":[],"authorContributionMap":{"-":0}},{"path":"static/img_original/Fig2.10.std.svg.pdf","fileType":"pdf","isBinary":true,"lines":[],"authorContributionMap":{"-":0}},{"path":"static/img_original/Fig2.11.std.svg.pdf","fileType":"pdf","isBinary":true,"lines":[],"authorContributionMap":{"-":0}},{"path":"static/img_original/Fig2.14b.std.svg.pdf","fileType":"pdf","isBinary":true,"lines":[],"authorContributionMap":{"-":0}},{"path":"static/img_original/Fig2.9.std.svg.pdf","fileType":"pdf","isBinary":true,"lines":[],"authorContributionMap":{"-":0}},{"path":"static/img_original/Fig3.30.svg.pdf","fileType":"pdf","isBinary":true,"lines":[],"authorContributionMap":{"-":0}},{"path":"static/img_original/Fig4.4a.std.svg.pdf","fileType":"pdf","isBinary":true,"lines":[],"authorContributionMap":{"-":0}},{"path":"static/img_original/Fig4.5a.std.svg.pdf","fileType":"pdf","isBinary":true,"lines":[],"authorContributionMap":{"-":0}},{"path":"static/img_original/Fig4.6a.std.svg.pdf","fileType":"pdf","isBinary":true,"lines":[],"authorContributionMap":{"-":0}},{"path":"static/img_original/Fig5.11b.std.svg.pdf","fileType":"pdf","isBinary":true,"lines":[],"authorContributionMap":{"-":0}},{"path":"static/img_original/Fig5.14b.std.svg.pdf","fileType":"pdf","isBinary":true,"lines":[],"authorContributionMap":{"-":0}},{"path":"static/img_original/Fig5.15c.std.svg.pdf","fileType":"pdf","isBinary":true,"lines":[],"authorContributionMap":{"-":0}},{"path":"static/img_original/Fig5.1a.std.svg.pdf","fileType":"pdf","isBinary":true,"lines":[],"authorContributionMap":{"-":0}},{"path":"static/img_original/Fig5.2.std.svg.pdf","fileType":"pdf","isBinary":true,"lines":[],"authorContributionMap":{"-":0}},{"path":"static/img_original/Fig5.4c.std.svg.pdf","fileType":"pdf","isBinary":true,"lines":[],"authorContributionMap":{"-":0}},{"path":"static/img_original/Fig5.5b.std.svg.pdf","fileType":"pdf","isBinary":true,"lines":[],"authorContributionMap":{"-":0}},{"path":"static/img_original/Fig5.7b.std.svg.pdf","fileType":"pdf","isBinary":true,"lines":[],"authorContributionMap":{"-":0}},{"path":"static/img_original/apache.png","fileType":"png","isBinary":true,"lines":[],"authorContributionMap":{"-":0}},{"path":"static/img_original/bird.gif","fileType":"gif","isBinary":true,"lines":[],"authorContributionMap":{"-":0}},{"path":"static/img_original/bird.png","fileType":"png","isBinary":true,"lines":[],"authorContributionMap":{"-":0}},{"path":"static/img_original/cc.png","fileType":"png","isBinary":true,"lines":[],"authorContributionMap":{"-":0}},{"path":"static/img_original/ch1-Z-G-1.svg.pdf","fileType":"pdf","isBinary":true,"lines":[],"authorContributionMap":{"-":0}},{"path":"static/img_original/ch1-Z-G-10.svg.pdf","fileType":"pdf","isBinary":true,"lines":[],"authorContributionMap":{"-":0}},{"path":"static/img_original/ch1-Z-G-13.svg.pdf","fileType":"pdf","isBinary":true,"lines":[],"authorContributionMap":{"-":0}},{"path":"static/img_original/ch1-Z-G-17.gif","fileType":"gif","isBinary":true,"lines":[],"authorContributionMap":{"-":0}},{"path":"static/img_original/ch1-Z-G-17.png","fileType":"png","isBinary":true,"lines":[],"authorContributionMap":{"-":0}},{"path":"static/img_original/ch1-Z-G-6.svg.pdf","fileType":"pdf","isBinary":true,"lines":[],"authorContributionMap":{"-":0}},{"path":"static/img_original/ch1-Z-G-7.svg.pdf","fileType":"pdf","isBinary":true,"lines":[],"authorContributionMap":{"-":0}},{"path":"static/img_original/ch2-Z-G-11.svg.pdf","fileType":"pdf","isBinary":true,"lines":[],"authorContributionMap":{"-":0}},{"path":"static/img_original/ch2-Z-G-12.svg.pdf","fileType":"pdf","isBinary":true,"lines":[],"authorContributionMap":{"-":0}},{"path":"static/img_original/ch2-Z-G-13.svg.pdf","fileType":"pdf","isBinary":true,"lines":[],"authorContributionMap":{"-":0}},{"path":"static/img_original/ch2-Z-G-15.svg.pdf","fileType":"pdf","isBinary":true,"lines":[],"authorContributionMap":{"-":0}},{"path":"static/img_original/ch2-Z-G-16.svg.pdf","fileType":"pdf","isBinary":true,"lines":[],"authorContributionMap":{"-":0}},{"path":"static/img_original/ch2-Z-G-17.svg.pdf","fileType":"pdf","isBinary":true,"lines":[],"authorContributionMap":{"-":0}},{"path":"static/img_original/ch2-Z-G-23.svg.pdf","fileType":"pdf","isBinary":true,"lines":[],"authorContributionMap":{"-":0}},{"path":"static/img_original/ch2-Z-G-24.gif","fileType":"gif","isBinary":true,"lines":[],"authorContributionMap":{"-":0}},{"path":"static/img_original/ch2-Z-G-24.png","fileType":"png","isBinary":true,"lines":[],"authorContributionMap":{"-":0}},{"path":"static/img_original/ch2-Z-G-25.gif","fileType":"gif","isBinary":true,"lines":[],"authorContributionMap":{"-":0}},{"path":"static/img_original/ch2-Z-G-25.png","fileType":"png","isBinary":true,"lines":[],"authorContributionMap":{"-":0}},{"path":"static/img_original/ch2-Z-G-26.gif","fileType":"gif","isBinary":true,"lines":[],"authorContributionMap":{"-":0}},{"path":"static/img_original/ch2-Z-G-26.png","fileType":"png","isBinary":true,"lines":[],"authorContributionMap":{"-":0}},{"path":"static/img_original/ch2-Z-G-27.gif","fileType":"gif","isBinary":true,"lines":[],"authorContributionMap":{"-":0}},{"path":"static/img_original/ch2-Z-G-27.png","fileType":"png","isBinary":true,"lines":[],"authorContributionMap":{"-":0}},{"path":"static/img_original/ch2-Z-G-28.gif","fileType":"gif","isBinary":true,"lines":[],"authorContributionMap":{"-":0}},{"path":"static/img_original/ch2-Z-G-28.png","fileType":"png","isBinary":true,"lines":[],"authorContributionMap":{"-":0}},{"path":"static/img_original/ch2-Z-G-29.gif","fileType":"gif","isBinary":true,"lines":[],"authorContributionMap":{"-":0}},{"path":"static/img_original/ch2-Z-G-29.png","fileType":"png","isBinary":true,"lines":[],"authorContributionMap":{"-":0}},{"path":"static/img_original/ch2-Z-G-30.gif","fileType":"gif","isBinary":true,"lines":[],"authorContributionMap":{"-":0}},{"path":"static/img_original/ch2-Z-G-30.png","fileType":"png","isBinary":true,"lines":[],"authorContributionMap":{"-":0}},{"path":"static/img_original/ch2-Z-G-31.gif","fileType":"gif","isBinary":true,"lines":[],"authorContributionMap":{"-":0}},{"path":"static/img_original/ch2-Z-G-31.png","fileType":"png","isBinary":true,"lines":[],"authorContributionMap":{"-":0}},{"path":"static/img_original/ch2-Z-G-32.gif","fileType":"gif","isBinary":true,"lines":[],"authorContributionMap":{"-":0}},{"path":"static/img_original/ch2-Z-G-32.png","fileType":"png","isBinary":true,"lines":[],"authorContributionMap":{"-":0}},{"path":"static/img_original/ch2-Z-G-33.gif","fileType":"gif","isBinary":true,"lines":[],"authorContributionMap":{"-":0}},{"path":"static/img_original/ch2-Z-G-33.png","fileType":"png","isBinary":true,"lines":[],"authorContributionMap":{"-":0}},{"path":"static/img_original/ch2-Z-G-34.gif","fileType":"gif","isBinary":true,"lines":[],"authorContributionMap":{"-":0}},{"path":"static/img_original/ch2-Z-G-34.png","fileType":"png","isBinary":true,"lines":[],"authorContributionMap":{"-":0}},{"path":"static/img_original/ch2-Z-G-35.gif","fileType":"gif","isBinary":true,"lines":[],"authorContributionMap":{"-":0}},{"path":"static/img_original/ch2-Z-G-35.png","fileType":"png","isBinary":true,"lines":[],"authorContributionMap":{"-":0}},{"path":"static/img_original/ch2-Z-G-36.gif","fileType":"gif","isBinary":true,"lines":[],"authorContributionMap":{"-":0}},{"path":"static/img_original/ch2-Z-G-36.png","fileType":"png","isBinary":true,"lines":[],"authorContributionMap":{"-":0}},{"path":"static/img_original/ch2-Z-G-37.svg.pdf","fileType":"pdf","isBinary":true,"lines":[],"authorContributionMap":{"-":0}},{"path":"static/img_original/ch2-Z-G-38.gif","fileType":"gif","isBinary":true,"lines":[],"authorContributionMap":{"-":0}},{"path":"static/img_original/ch2-Z-G-38.png","fileType":"png","isBinary":true,"lines":[],"authorContributionMap":{"-":0}},{"path":"static/img_original/ch2-Z-G-39.gif","fileType":"gif","isBinary":true,"lines":[],"authorContributionMap":{"-":0}},{"path":"static/img_original/ch2-Z-G-39.png","fileType":"png","isBinary":true,"lines":[],"authorContributionMap":{"-":0}},{"path":"static/img_original/ch2-Z-G-40.gif","fileType":"gif","isBinary":true,"lines":[],"authorContributionMap":{"-":0}},{"path":"static/img_original/ch2-Z-G-40.png","fileType":"png","isBinary":true,"lines":[],"authorContributionMap":{"-":0}},{"path":"static/img_original/ch2-Z-G-41.gif","fileType":"gif","isBinary":true,"lines":[],"authorContributionMap":{"-":0}},{"path":"static/img_original/ch2-Z-G-41.png","fileType":"png","isBinary":true,"lines":[],"authorContributionMap":{"-":0}},{"path":"static/img_original/ch2-Z-G-42.svg.pdf","fileType":"pdf","isBinary":true,"lines":[],"authorContributionMap":{"-":0}},{"path":"static/img_original/ch2-Z-G-51.svg.pdf","fileType":"pdf","isBinary":true,"lines":[],"authorContributionMap":{"-":0}},{"path":"static/img_original/ch2-Z-G-52.svg.pdf","fileType":"pdf","isBinary":true,"lines":[],"authorContributionMap":{"-":0}},{"path":"static/img_original/ch2-Z-G-53.svg.pdf","fileType":"pdf","isBinary":true,"lines":[],"authorContributionMap":{"-":0}},{"path":"static/img_original/ch2-Z-G-54.svg.pdf","fileType":"pdf","isBinary":true,"lines":[],"authorContributionMap":{"-":0}},{"path":"static/img_original/ch2-Z-G-59.svg.pdf","fileType":"pdf","isBinary":true,"lines":[],"authorContributionMap":{"-":0}},{"path":"static/img_original/ch2-Z-G-6.svg.pdf","fileType":"pdf","isBinary":true,"lines":[],"authorContributionMap":{"-":0}},{"path":"static/img_original/ch2-Z-G-62.svg.pdf","fileType":"pdf","isBinary":true,"lines":[],"authorContributionMap":{"-":0}},{"path":"static/img_original/ch2-Z-G-63.svg.pdf","fileType":"pdf","isBinary":true,"lines":[],"authorContributionMap":{"-":0}},{"path":"static/img_original/ch2-Z-G-64.svg.pdf","fileType":"pdf","isBinary":true,"lines":[],"authorContributionMap":{"-":0}},{"path":"static/img_original/ch2-Z-G-65.svg.pdf","fileType":"pdf","isBinary":true,"lines":[],"authorContributionMap":{"-":0}},{"path":"static/img_original/ch2-Z-G-66.svg.pdf","fileType":"pdf","isBinary":true,"lines":[],"authorContributionMap":{"-":0}},{"path":"static/img_original/ch2-Z-G-67.svg.pdf","fileType":"pdf","isBinary":true,"lines":[],"authorContributionMap":{"-":0}},{"path":"static/img_original/ch3-Z-G-10.svg.pdf","fileType":"pdf","isBinary":true,"lines":[],"authorContributionMap":{"-":0}},{"path":"static/img_original/ch3-Z-G-11.svg.pdf","fileType":"pdf","isBinary":true,"lines":[],"authorContributionMap":{"-":0}},{"path":"static/img_original/ch3-Z-G-12.svg.pdf","fileType":"pdf","isBinary":true,"lines":[],"authorContributionMap":{"-":0}},{"path":"static/img_original/ch3-Z-G-13.svg.pdf","fileType":"pdf","isBinary":true,"lines":[],"authorContributionMap":{"-":0}},{"path":"static/img_original/ch3-Z-G-14.svg.pdf","fileType":"pdf","isBinary":true,"lines":[],"authorContributionMap":{"-":0}},{"path":"static/img_original/ch3-Z-G-15.svg.pdf","fileType":"pdf","isBinary":true,"lines":[],"authorContributionMap":{"-":0}},{"path":"static/img_original/ch3-Z-G-16.svg.pdf","fileType":"pdf","isBinary":true,"lines":[],"authorContributionMap":{"-":0}},{"path":"static/img_original/ch3-Z-G-17.svg.pdf","fileType":"pdf","isBinary":true,"lines":[],"authorContributionMap":{"-":0}},{"path":"static/img_original/ch3-Z-G-18.svg.pdf","fileType":"pdf","isBinary":true,"lines":[],"authorContributionMap":{"-":0}},{"path":"static/img_original/ch3-Z-G-19.svg.pdf","fileType":"pdf","isBinary":true,"lines":[],"authorContributionMap":{"-":0}},{"path":"static/img_original/ch3-Z-G-2.svg.pdf","fileType":"pdf","isBinary":true,"lines":[],"authorContributionMap":{"-":0}},{"path":"static/img_original/ch3-Z-G-20.svg.pdf","fileType":"pdf","isBinary":true,"lines":[],"authorContributionMap":{"-":0}},{"path":"static/img_original/ch3-Z-G-21.svg.pdf","fileType":"pdf","isBinary":true,"lines":[],"authorContributionMap":{"-":0}},{"path":"static/img_original/ch3-Z-G-22.svg.pdf","fileType":"pdf","isBinary":true,"lines":[],"authorContributionMap":{"-":0}},{"path":"static/img_original/ch3-Z-G-23.svg.pdf","fileType":"pdf","isBinary":true,"lines":[],"authorContributionMap":{"-":0}},{"path":"static/img_original/ch3-Z-G-24.svg.pdf","fileType":"pdf","isBinary":true,"lines":[],"authorContributionMap":{"-":0}},{"path":"static/img_original/ch3-Z-G-25.svg.pdf","fileType":"pdf","isBinary":true,"lines":[],"authorContributionMap":{"-":0}},{"path":"static/img_original/ch3-Z-G-26.svg.pdf","fileType":"pdf","isBinary":true,"lines":[],"authorContributionMap":{"-":0}},{"path":"static/img_original/ch3-Z-G-27.svg.pdf","fileType":"pdf","isBinary":true,"lines":[],"authorContributionMap":{"-":0}},{"path":"static/img_original/ch3-Z-G-3.svg.pdf","fileType":"pdf","isBinary":true,"lines":[],"authorContributionMap":{"-":0}},{"path":"static/img_original/ch3-Z-G-30.svg.pdf","fileType":"pdf","isBinary":true,"lines":[],"authorContributionMap":{"-":0}},{"path":"static/img_original/ch3-Z-G-31.svg.pdf","fileType":"pdf","isBinary":true,"lines":[],"authorContributionMap":{"-":0}},{"path":"static/img_original/ch3-Z-G-32.svg.pdf","fileType":"pdf","isBinary":true,"lines":[],"authorContributionMap":{"-":0}},{"path":"static/img_original/ch3-Z-G-35.svg.pdf","fileType":"pdf","isBinary":true,"lines":[],"authorContributionMap":{"-":0}},{"path":"static/img_original/ch3-Z-G-4.svg.pdf","fileType":"pdf","isBinary":true,"lines":[],"authorContributionMap":{"-":0}},{"path":"static/img_original/ch3-Z-G-49.svg.pdf","fileType":"pdf","isBinary":true,"lines":[],"authorContributionMap":{"-":0}},{"path":"static/img_original/ch3-Z-G-5.svg.pdf","fileType":"pdf","isBinary":true,"lines":[],"authorContributionMap":{"-":0}},{"path":"static/img_original/ch3-Z-G-50.gif","fileType":"gif","isBinary":true,"lines":[],"authorContributionMap":{"-":0}},{"path":"static/img_original/ch3-Z-G-50.png","fileType":"png","isBinary":true,"lines":[],"authorContributionMap":{"-":0}},{"path":"static/img_original/ch3-Z-G-51.svg.pdf","fileType":"pdf","isBinary":true,"lines":[],"authorContributionMap":{"-":0}},{"path":"static/img_original/ch3-Z-G-52.svg.pdf","fileType":"pdf","isBinary":true,"lines":[],"authorContributionMap":{"-":0}},{"path":"static/img_original/ch3-Z-G-53.svg.pdf","fileType":"pdf","isBinary":true,"lines":[],"authorContributionMap":{"-":0}},{"path":"static/img_original/ch3-Z-G-58.svg.pdf","fileType":"pdf","isBinary":true,"lines":[],"authorContributionMap":{"-":0}},{"path":"static/img_original/ch3-Z-G-59.svg.pdf","fileType":"pdf","isBinary":true,"lines":[],"authorContributionMap":{"-":0}},{"path":"static/img_original/ch3-Z-G-6.svg.pdf","fileType":"pdf","isBinary":true,"lines":[],"authorContributionMap":{"-":0}},{"path":"static/img_original/ch3-Z-G-60.svg.pdf","fileType":"pdf","isBinary":true,"lines":[],"authorContributionMap":{"-":0}},{"path":"static/img_original/ch3-Z-G-7.svg.pdf","fileType":"pdf","isBinary":true,"lines":[],"authorContributionMap":{"-":0}},{"path":"static/img_original/ch3-Z-G-8.svg.pdf","fileType":"pdf","isBinary":true,"lines":[],"authorContributionMap":{"-":0}},{"path":"static/img_original/ch3-Z-G-9.svg.pdf","fileType":"pdf","isBinary":true,"lines":[],"authorContributionMap":{"-":0}},{"path":"static/img_original/ch3.18.svg.pdf","fileType":"pdf","isBinary":true,"lines":[],"authorContributionMap":{"-":0}},{"path":"static/img_original/ch4-Z-G-1.svg.pdf","fileType":"pdf","isBinary":true,"lines":[],"authorContributionMap":{"-":0}},{"path":"static/img_original/ch4-Z-G-2.svg.pdf","fileType":"pdf","isBinary":true,"lines":[],"authorContributionMap":{"-":0}},{"path":"static/img_original/ch4-Z-G-3.svg.pdf","fileType":"pdf","isBinary":true,"lines":[],"authorContributionMap":{"-":0}},{"path":"static/img_original/ch4-Z-G-4.gif","fileType":"gif","isBinary":true,"lines":[],"authorContributionMap":{"-":0}},{"path":"static/img_original/ch4-Z-G-4.png","fileType":"png","isBinary":true,"lines":[],"authorContributionMap":{"-":0}},{"path":"static/img_original/ch4-Z-G-5.gif","fileType":"gif","isBinary":true,"lines":[],"authorContributionMap":{"-":0}},{"path":"static/img_original/ch4-Z-G-5.png","fileType":"png","isBinary":true,"lines":[],"authorContributionMap":{"-":0}},{"path":"static/img_original/ch4-Z-G-6.gif","fileType":"gif","isBinary":true,"lines":[],"authorContributionMap":{"-":0}},{"path":"static/img_original/ch4-Z-G-6.png","fileType":"png","isBinary":true,"lines":[],"authorContributionMap":{"-":0}},{"path":"static/img_original/ch5-Z-G-1.gif","fileType":"gif","isBinary":true,"lines":[],"authorContributionMap":{"-":0}},{"path":"static/img_original/ch5-Z-G-2.gif","fileType":"gif","isBinary":true,"lines":[],"authorContributionMap":{"-":0}},{"path":"static/img_original/ch5-Z-G-2.png","fileType":"png","isBinary":true,"lines":[],"authorContributionMap":{"-":0}},{"path":"static/img_original/ch5-Z-G-3.gif","fileType":"gif","isBinary":true,"lines":[],"authorContributionMap":{"-":0}},{"path":"static/img_original/ch5-Z-G-3.png","fileType":"png","isBinary":true,"lines":[],"authorContributionMap":{"-":0}},{"path":"static/img_original/ch5-Z-G-4.gif","fileType":"gif","isBinary":true,"lines":[],"authorContributionMap":{"-":0}},{"path":"static/img_original/ch5-Z-G-4.png","fileType":"png","isBinary":true,"lines":[],"authorContributionMap":{"-":0}},{"path":"static/img_original/ch5-Z-G-5.gif","fileType":"gif","isBinary":true,"lines":[],"authorContributionMap":{"-":0}},{"path":"static/img_original/ch5-Z-G-5.png","fileType":"png","isBinary":true,"lines":[],"authorContributionMap":{"-":0}},{"path":"static/img_original/ch5-Z-G-6.gif","fileType":"gif","isBinary":true,"lines":[],"authorContributionMap":{"-":0}},{"path":"static/img_original/ch5-Z-G-6.png","fileType":"png","isBinary":true,"lines":[],"authorContributionMap":{"-":0}},{"path":"static/img_original/ch5-Z-G-7.gif","fileType":"gif","isBinary":true,"lines":[],"authorContributionMap":{"-":0}},{"path":"static/img_original/ch5-Z-G-7.png","fileType":"png","isBinary":true,"lines":[],"authorContributionMap":{"-":0}},{"path":"static/img_original/ch5-Z-G-8.gif","fileType":"gif","isBinary":true,"lines":[],"authorContributionMap":{"-":0}},{"path":"static/img_original/chip.jpg","fileType":"jpg","isBinary":true,"lines":[],"authorContributionMap":{"-":0}},{"path":"static/img_original/chip.png","fileType":"png","isBinary":true,"lines":[],"authorContributionMap":{"-":0}},{"path":"static/img_original/chip.std.pdf","fileType":"pdf","isBinary":true,"lines":[],"authorContributionMap":{"-":0}},{"path":"static/img_original/chip.std.svg.pdf","fileType":"pdf","isBinary":true,"lines":[],"authorContributionMap":{"-":0}},{"path":"static/img_original/color.gif","fileType":"gif","isBinary":true,"lines":[],"authorContributionMap":{"-":0}},{"path":"static/img_original/color.png","fileType":"png","isBinary":true,"lines":[],"authorContributionMap":{"-":0}},{"path":"static/img_original/gnu.png","fileType":"png","isBinary":true,"lines":[],"authorContributionMap":{"-":0}},{"path":"static/img_original/gpl-v3.pdf","fileType":"pdf","isBinary":true,"lines":[],"authorContributionMap":{"-":0}},{"path":"static/img_original/onewhitepixel.gif","fileType":"gif","isBinary":true,"lines":[],"authorContributionMap":{"-":0}},{"path":"static/img_original/onewhitepixel.png","fileType":"png","isBinary":true,"lines":[],"authorContributionMap":{"-":0}},{"path":"static/img_original/preserving_table.pdf","fileType":"pdf","isBinary":true,"lines":[],"authorContributionMap":{"-":0}},{"path":"static/img_original/preserving_table.svg.pdf","fileType":"pdf","isBinary":true,"lines":[],"authorContributionMap":{"-":0}},{"path":"static/img_original/transparent.gif","fileType":"gif","isBinary":true,"lines":[],"authorContributionMap":{"-":0}},{"path":"static/img_original/transparent.png","fileType":"png","isBinary":true,"lines":[],"authorContributionMap":{"-":0}},{"path":"static/img_original/white.gif","fileType":"gif","isBinary":true,"lines":[],"authorContributionMap":{"-":0}},{"path":"static/img_original/white.png","fileType":"png","isBinary":true,"lines":[],"authorContributionMap":{"-":0}},{"path":"static/img_original/white_trimmed.gif","fileType":"gif","isBinary":true,"lines":[],"authorContributionMap":{"-":0}},{"path":"static/sicp.png","fileType":"png","isBinary":true,"lines":[],"authorContributionMap":{"-":0}},{"path":"static/static/lambda.png","fileType":"png","isBinary":true,"lines":[],"authorContributionMap":{"-":0}},{"path":"static/svg/Fig3.30b-js.png","fileType":"png","isBinary":true,"lines":[],"authorContributionMap":{"-":0}},{"path":"static/white.gif","fileType":"gif","isBinary":true,"lines":[],"authorContributionMap":{"-":0}}]
