{"authorDailyContributionsMap":{"gerhean":[{"date":"2019-05-16","commitResults":[{"hash":"3cbce8cdce38c3603208d1448c0d71554cb3600a","messageTitle":"initial commit","messageBody":"does not work properly yet\n","fileTypesAndContributionMap":{"gitignore":{"insertions":4,"deletions":0},"js":{"insertions":561,"deletions":0},"json":{"insertions":23,"deletions":0}}},{"hash":"81bfbd517543eac816ce242291c78c284c9d3044","messageTitle":"Update README.md","messageBody":"","fileTypesAndContributionMap":{"md":{"insertions":15,"deletions":0}}},{"hash":"dedc4c8c208a8a6bcb6883bb0d78d255ca3ddd05","messageTitle":"make babel work","messageBody":"","fileTypesAndContributionMap":{"babelrc":{"insertions":4,"deletions":0},"js":{"insertions":8,"deletions":4}}},{"hash":"434fc833b2657c36451d781709c082f9dc4d9473","messageTitle":"added png","messageBody":"png files added to same directory as gif files\n","fileTypesAndContributionMap":{"js":{"insertions":1,"deletions":1}}},{"hash":"3201b76face791be78af0e4aca1e015c6aebe941","messageTitle":"bug fixes","messageBody":"pdf can finally compile.\nFormatting still looks somewhat bad however.\n","fileTypesAndContributionMap":{"md":{"insertions":1,"deletions":2},"js":{"insertions":12,"deletions":7}}},{"hash":"0ba91bea10085b29ba43ca97a413fc3f383ed5b9","messageTitle":"fixed some formatting","messageBody":"","fileTypesAndContributionMap":{"js":{"insertions":2,"deletions":2}}},{"hash":"44bbaf05fbec63f8d1ddf6f7b0c28f48ee5be287","messageTitle":"Update parseText.js","messageBody":"fixed more formatting issues\n","fileTypesAndContributionMap":{"js":{"insertions":3,"deletions":3}}},{"hash":"3cf1dbd7d9d3a00cee0bd002715a45fe29290887","messageTitle":"move logic from switch to dictionary","messageBody":"also more bug fixes\n","fileTypesAndContributionMap":{"js":{"insertions":161,"deletions":134}}},{"hash":"79760d09ed90f70630f3cb53b570c1a3d26b797c","messageTitle":"Update README.md","messageBody":"","fileTypesAndContributionMap":{"md":{"insertions":12,"deletions":0}}},{"hash":"e7db5ed688874dca3f806ad5ff51eb9a78d7cf9f","messageTitle":"added Table","messageBody":"","fileTypesAndContributionMap":{"md":{"insertions":0,"deletions":1},"js":{"insertions":53,"deletions":20}}},{"hash":"ed80eb2e9fb18ad5a7e47a1695b0a452e64a3d37","messageTitle":"TOC added","messageBody":"tt added\n","fileTypesAndContributionMap":{"md":{"insertions":0,"deletions":1},"js":{"insertions":13,"deletions":3}}},{"hash":"df9a1f8beffbc855b996bcad5700c67a0717af0a","messageTitle":"Links added","messageBody":"","fileTypesAndContributionMap":{"md":{"insertions":1,"deletions":2},"js":{"insertions":16,"deletions":6}}},{"hash":"c2f7062cd7b75d5ac7b5464ee1792416e35f6de9","messageTitle":"Exercise added","messageBody":"no solutions yet\n","fileTypesAndContributionMap":{"js":{"insertions":10,"deletions":2}}}]},{"date":"2019-05-18","commitResults":[{"hash":"20e1f37d20d341cb341549a73aef23ad889174e4","messageTitle":"add citations and h2","messageBody":"","fileTypesAndContributionMap":{"js":{"insertions":16,"deletions":11}}},{"hash":"4b5aa7c3eae32b177e0796bdadefe7c0af6e276c","messageTitle":"Added BR and fixed typos","messageBody":"","fileTypesAndContributionMap":{"xml":{"insertions":3,"deletions":3},"js":{"insertions":5,"deletions":0}}},{"hash":"bff9c28c5ebe1f314e873d47e3346b4d26dc9deb","messageTitle":"add ORDER","messageBody":"","fileTypesAndContributionMap":{"xml":{"insertions":1,"deletions":1},"js":{"insertions":23,"deletions":22}}},{"hash":"fbb875c3529ecaab89b63ae52fd947d2a21e9622","messageTitle":"add treetab","messageBody":"","fileTypesAndContributionMap":{"js":{"insertions":4,"deletions":3}}},{"hash":"c84617f7c9f87a6ec701c8157b70a1bd6d0a3073","messageTitle":"Update section1.xml","messageBody":"fixed \u003cLI\u003e tags\n","fileTypesAndContributionMap":{"xml":{"insertions":21,"deletions":21}}},{"hash":"6f417c812907c61f8f64a89c77b05c86f1e8f936","messageTitle":"add others","messageBody":"added SOLUTIONS\n\nEverything done\n","fileTypesAndContributionMap":{"xml":{"insertions":1,"deletions":1},"md":{"insertions":0,"deletions":9},"js":{"insertions":36,"deletions":22}}},{"hash":"869b16d6184052fc1ae0bcc6ea4c4d3b2620ae6f","messageTitle":"fixed TOC","messageBody":"","fileTypesAndContributionMap":{"xml":{"insertions":1,"deletions":3},"js":{"insertions":12,"deletions":4}}},{"hash":"deae5a702e8e5e8868113622ddfd3b2a336373f8","messageTitle":"fixed mathmode in snippet","messageBody":"","fileTypesAndContributionMap":{"md":{"insertions":1,"deletions":1},"js":{"insertions":2,"deletions":2}}},{"hash":"d483c095835e16a280a88fb3af3b684f156fe9a8","messageTitle":"Update parseText.js","messageBody":"mathmode in inline code\n","fileTypesAndContributionMap":{"js":{"insertions":1,"deletions":1}}}]},{"date":"2019-05-19","commitResults":[{"hash":"638edd042448ea63c070a5f7be052fab04553b20","messageTitle":"added exercise links","messageBody":"","fileTypesAndContributionMap":{"js":{"insertions":59,"deletions":17}}},{"hash":"d5facadae00c2508704b3b6765a6c15a53f90bf6","messageTitle":"fixed headers","messageBody":"","fileTypesAndContributionMap":{"js":{"insertions":28,"deletions":9}}},{"hash":"1b18b5b7ec223810d0763d5b83a9636c12c8df53","messageTitle":"fix references","messageBody":"","fileTypesAndContributionMap":{"js":{"insertions":3,"deletions":3}}}]},{"date":"2019-06-05","commitResults":[{"hash":"05ef1da2081da33269b30ad7c675ee62801d01bb","messageTitle":"remove footnote space","messageBody":"","fileTypesAndContributionMap":{"js":{"insertions":1,"deletions":1}}},{"hash":"ea38480d1c6403243c20f66734b9d9936a915e62","messageTitle":"fix section headings","messageBody":"","fileTypesAndContributionMap":{"js":{"insertions":9,"deletions":3}}},{"hash":"2bbc7cc97470add0bd149e114152f68f1395f65b","messageTitle":"hide snippets","messageBody":"","fileTypesAndContributionMap":{"js":{"insertions":3,"deletions":0}}}]},{"date":"2019-06-06","commitResults":[{"hash":"5d22cc0c04f80800eb8924e76117e916fdfcc3c6","messageTitle":"fixed spacing problems","messageBody":"","fileTypesAndContributionMap":{"js":{"insertions":14,"deletions":16}}},{"hash":"5378032a0aa5ceba08928d750da3bbfd3b7bf453","messageTitle":"fixed carets","messageBody":"","fileTypesAndContributionMap":{"js":{"insertions":14,"deletions":10}}},{"hash":"e610a96ad0b016c6f65ae6a4a973338197a12d5d","messageTitle":"reduced margin to 1 inch","messageBody":"","fileTypesAndContributionMap":{"js":{"insertions":1,"deletions":1}}},{"hash":"0ab3bb1b96a9ebf737dae3921a833dbd7d83b96b","messageTitle":"format exercises","messageBody":"","fileTypesAndContributionMap":{"gitignore":{"insertions":1,"deletions":0},"js":{"insertions":1,"deletions":1}}},{"hash":"d8482ed9d64eae44466437d86519055ea3bbe42f","messageTitle":"fix exercise more","messageBody":"","fileTypesAndContributionMap":{"Makefile":{"insertions":1,"deletions":1},"js":{"insertions":5,"deletions":5}}},{"hash":"95d00e4f14aa23bcfa745ea2d24def7ebb7c4acc","messageTitle":"fixed name spacing","messageBody":"","fileTypesAndContributionMap":{"js":{"insertions":21,"deletions":18}}}]},{"date":"2019-06-14","commitResults":[{"hash":"e9d907384fc1fdb6522a7f898cf4892d28c0714e","messageTitle":"fixed some issues","messageBody":"","fileTypesAndContributionMap":{"js":{"insertions":30,"deletions":12}}},{"hash":"3608a5e4d04a65bb3923c6459e8e2d932154a6ca","messageTitle":"fix space","messageBody":"","fileTypesAndContributionMap":{"js":{"insertions":1,"deletions":1}}},{"hash":"1b50737d4f590f01e4213ee844e6df92613135ea","messageTitle":"fix pagestyle","messageBody":"","fileTypesAndContributionMap":{"js":{"insertions":6,"deletions":3}}},{"hash":"797fafe2f4fd31ca2dcda5b39205ae79bd293c6d","messageTitle":"fix position of solution link","messageBody":"","fileTypesAndContributionMap":{"js":{"insertions":1,"deletions":1}}},{"hash":"29814d44ceb3c7f1b34af8f24b60e19f9ead6414","messageTitle":"image sizes fixed","messageBody":"image now resizes if overflow\n\n.latexmkrc file also auto generates now\n","fileTypesAndContributionMap":{"js":{"insertions":19,"deletions":5}}},{"hash":"28bc82510609ababe4bd0342d15b48d02989cdcf","messageTitle":"Create lz-string.min.js","messageBody":"","fileTypesAndContributionMap":{"js":{"insertions":1,"deletions":0}}},{"hash":"1561e251d420c7b434abda13f04aaa6e01350905","messageTitle":"add beautifier to textbook code","messageBody":"","fileTypesAndContributionMap":{"js":{"insertions":6,"deletions":3},"json":{"insertions":1,"deletions":0}}},{"hash":"614abe78809ffeda6ed1844c03dde5124579f4f8","messageTitle":"format code","messageBody":"","fileTypesAndContributionMap":{"js":{"insertions":562,"deletions":227}}},{"hash":"1c47531add74d68b7236e78901c7707dfccb070a","messageTitle":"changed javascript inline delimiter","messageBody":"now works in index\n","fileTypesAndContributionMap":{"js":{"insertions":3,"deletions":5}}},{"hash":"e5d760231ef45c9cdfef61a997081777b3df0885","messageTitle":"Delete lz-string.min.js","messageBody":"","fileTypesAndContributionMap":{"js":{"insertions":0,"deletions":305}}},{"hash":"31372121d6d87ce22dd02670c34784d5f59215bd","messageTitle":"remove schemeinline","messageBody":"","fileTypesAndContributionMap":{"js":{"insertions":10,"deletions":3}}},{"hash":"105e97a03ec1be3f1078c724b3e8938cc142defc","messageTitle":"Update subsection1.xml","messageBody":"changed set-car and set-cdr in index to set-head and set-tail\n","fileTypesAndContributionMap":{"xml":{"insertions":6,"deletions":4}}},{"hash":"da0064933c4d7acd7835d754959dd32162ca7ccd","messageTitle":"Update index.js","messageBody":"","fileTypesAndContributionMap":{"js":{"insertions":0,"deletions":7}}}]},{"date":"2019-06-15","commitResults":[{"hash":"1f55552fce3631d0242dabf1e907590772b0b855","messageTitle":"ordered list use number if parent not exercise","messageBody":"","fileTypesAndContributionMap":{"js":{"insertions":13,"deletions":1}}},{"hash":"0459e3f08daccd3d17a41262a1d9422218e2e51c","messageTitle":"removed beautifier","messageBody":"","fileTypesAndContributionMap":{"js":{"insertions":7,"deletions":5},"json":{"insertions":0,"deletions":1}}},{"hash":"64d14a3c92f892d76808a851bcf093a20bd4dc9d","messageTitle":"added links to snippets","messageBody":"","fileTypesAndContributionMap":{"Makefile":{"insertions":1,"deletions":1},"js":{"insertions":31,"deletions":7},"json":{"insertions":1,"deletions":1}}},{"hash":"e68f5aec852dbf98fc29f4ccaa2ddd3b405fa162","messageTitle":"add index preface","messageBody":"","fileTypesAndContributionMap":{"xml":{"insertions":10,"deletions":0},"js":{"insertions":3,"deletions":2}}},{"hash":"a952764a2b74bbf0ed3c40e50342380c1dc8f600","messageTitle":"added list of exercises","messageBody":"","fileTypesAndContributionMap":{"js":{"insertions":4,"deletions":0}}},{"hash":"89600f916d2b7393f08af94289111df0dc8c48ff","messageTitle":"added required and examples to snippets","messageBody":"","fileTypesAndContributionMap":{"js":{"insertions":54,"deletions":15}}},{"hash":"fe6415ec0552ca0d3d5445078d80439381d32c34","messageTitle":"chap to 4","messageBody":"To ensure code always works\n","fileTypesAndContributionMap":{"js":{"insertions":1,"deletions":1}}},{"hash":"22634ef4861aaf7635a5ed1d123cb8fd45ae5634","messageTitle":"prettier things","messageBody":"","fileTypesAndContributionMap":{"js":{"insertions":29,"deletions":21},"json":{"insertions":1,"deletions":0}}},{"hash":"f544d6042743d20baa538b7790d571097fe5d343","messageTitle":"Update README.md","messageBody":"File is automatically generated now\n","fileTypesAndContributionMap":{"md":{"insertions":0,"deletions":9}}},{"hash":"5e6b82dbf7884bd185a25ae0f76d1a36020bdaf3","messageTitle":"add more warnings","messageBody":"better debugging experience\n","fileTypesAndContributionMap":{"js":{"insertions":27,"deletions":6}}},{"hash":"340fba60a8bcf994adf3ad38d0de425927353acb","messageTitle":"Update README.md","messageBody":"","fileTypesAndContributionMap":{"md":{"insertions":1,"deletions":0}}},{"hash":"74ec9a4e8b0be7b05a492b250dc5b0a9979017c0","messageTitle":"fixed longlinewarning","messageBody":"","fileTypesAndContributionMap":{"js":{"insertions":22,"deletions":14}}}]},{"date":"2019-06-16","commitResults":[{"hash":"0f5ce58c338e2170edcc7d4c7511e209c464255c","messageTitle":"Split snippet into chunks","messageBody":"As href box prevents pagebreak\n","fileTypesAndContributionMap":{"js":{"insertions":21,"deletions":10}}},{"hash":"6b1e7a3f4b8d8c899295c35890cb3c467e3041ed","messageTitle":"6 lines link","messageBody":"","fileTypesAndContributionMap":{"js":{"insertions":19,"deletions":20}}},{"hash":"58b8dcb1f90b85fe45a88ffe927764782bcc06be","messageTitle":"fix index","messageBody":"","fileTypesAndContributionMap":{"js":{"insertions":16,"deletions":11}}},{"hash":"165297ea1a6a3514e60c9ded76dba1b88867f21d","messageTitle":"Update parseText.js","messageBody":"schemeinline \u003d javascriptinline\n","fileTypesAndContributionMap":{"js":{"insertions":2,"deletions":3}}}]},{"date":"2019-06-17","commitResults":[{"hash":"8eaa3b30bf6df7240103ee6968f5e36de2bc8df4","messageTitle":"add let as keyword","messageBody":"","fileTypesAndContributionMap":{"js":{"insertions":1,"deletions":1}}}]},{"date":"2019-07-04","commitResults":[{"hash":"f32d06151bd006ebe46596f769b9bc616f9e8411","messageTitle":"added pdf title page","messageBody":"and fix graphics\n","fileTypesAndContributionMap":{"xml":{"insertions":19,"deletions":0},"js":{"insertions":20,"deletions":15},"json":{"insertions":1,"deletions":0}}},{"hash":"5f9584dbf225853ce1c02ab2a37b2c10db013831","messageTitle":"add examples","messageBody":"","fileTypesAndContributionMap":{"js":{"insertions":142,"deletions":119}}},{"hash":"088d604b650676ca6f9c4c9740d66e635ce4e975","messageTitle":"fix example","messageBody":"","fileTypesAndContributionMap":{"js":{"insertions":10,"deletions":5},"json":{"insertions":0,"deletions":1}}},{"hash":"c4c1e4fdf62e5de6d727ef802a28590681f21f7e","messageTitle":"fix images","messageBody":"","fileTypesAndContributionMap":{"js":{"insertions":16,"deletions":21}}},{"hash":"1287d861192872aa744f069479491500b1ed0710","messageTitle":"center images","messageBody":"","fileTypesAndContributionMap":{"js":{"insertions":2,"deletions":1}}},{"hash":"63ac7973083bd77e9ed6c6bf77c6bc6cacc1ceb3","messageTitle":"fix image centering","messageBody":"","fileTypesAndContributionMap":{"js":{"insertions":2,"deletions":2}}},{"hash":"93e9ca0fe2c7ecf0e954b84fdf1512dafea4c81a","messageTitle":"fix exercise links","messageBody":"","fileTypesAndContributionMap":{"js":{"insertions":6,"deletions":6}}},{"hash":"5acc54d77c3ecbb2f68c46b65d0b6e5ca345b337","messageTitle":"increased space around exercise","messageBody":"","fileTypesAndContributionMap":{"js":{"insertions":6,"deletions":4}}},{"hash":"a17d5867b071c15ba4382908df8b925e1d876973","messageTitle":"require chaining","messageBody":"almost done\n","fileTypesAndContributionMap":{"js":{"insertions":52,"deletions":16}}}]},{"date":"2019-07-05","commitResults":[{"hash":"41b7371b8744dc94d878536055484edbe07eafff","messageTitle":"async setupsnippet","messageBody":"setup snippet runs before everything now\n","fileTypesAndContributionMap":{"js":{"insertions":190,"deletions":175}}},{"hash":"5ef7b6be52fb24fdc2d5a879e966125e94efbe4d","messageTitle":"add warning","messageBody":"","fileTypesAndContributionMap":{"xml":{"insertions":0,"deletions":2},"js":{"insertions":10,"deletions":1}}},{"hash":"930c7741bef92c2c37b82b7112df439c12d2fac6","messageTitle":"moved title into latexContent","messageBody":"","fileTypesAndContributionMap":{"xml":{"insertions":0,"deletions":17},"js":{"insertions":17,"deletions":1}}},{"hash":"523872e0c57d2e4eba6523ffa7fb48a06bf28b1a","messageTitle":"removed some console.log","messageBody":"","fileTypesAndContributionMap":{"js":{"insertions":1,"deletions":2}}}]},{"date":"2019-07-14","commitResults":[{"hash":"6fa24953e1c7fbd51582575cd776e05c860a8ede","messageTitle":"added epub template","messageBody":"","fileTypesAndContributionMap":{"Makefile":{"insertions":3,"deletions":0},"js":{"insertions":29,"deletions":1}}},{"hash":"f772cd0c501a8260f9fc16093e3fa0c53c86335d","messageTitle":"major restructuring of pdf processing","messageBody":"","fileTypesAndContributionMap":{"js":{"insertions":465,"deletions":470}}},{"hash":"23c92a3cdfcb5f1ecd6784d25d261719dd9427c7","messageTitle":"Update warnings.js","messageBody":"","fileTypesAndContributionMap":{"js":{"insertions":5,"deletions":5}}},{"hash":"df87ff26b6dc88f999d38f0241d77eeb5d3a7f27","messageTitle":"Update parseXML.js","messageBody":"","fileTypesAndContributionMap":{"js":{"insertions":1,"deletions":1}}},{"hash":"6fd1219591f5b0cd1b987a04ddd797edaea8b141","messageTitle":"Update parseXML.js","messageBody":"","fileTypesAndContributionMap":{"js":{"insertions":2,"deletions":2}}}]},{"date":"2020-06-05","commitResults":[{"hash":"9085f2fd78c0cc36c9101d690edaa5fb7f419a9e","messageTitle":"add tag finding (#216)","messageBody":"* add tag finding\r\n\r\n* fix yarnscript","fileTypesAndContributionMap":{"js":{"insertions":225,"deletions":0},"json":{"insertions":1,"deletions":0}}}]}]},"authorFileTypeContributionMap":{"gerhean":{"babelrc":2,"gitignore":3,"js":225,"json":8,"xml":7}},"authorContributionVariance":{"gerhean":10823.169},"authorDisplayNameMap":{"gerhean":"gerhean"}}
