[{"path":"assets/ExpoHollow.png","fileType":"png","isBinary":true,"lines":[],"authorContributionMap":{"-":0}},{"path":"assets/algolia.png","fileType":"png","isBinary":true,"lines":[],"authorContributionMap":{"-":0}},{"path":"assets/blankProfile.jpg","fileType":"jpg","isBinary":true,"lines":[],"authorContributionMap":{"-":0}},{"path":"assets/fonts/Roboto-Black.ttf","fileType":"ttf","isBinary":true,"lines":[],"authorContributionMap":{"-":0}},{"path":"assets/fonts/Roboto-Medium.ttf","fileType":"ttf","isBinary":true,"lines":[],"authorContributionMap":{"-":0}},{"path":"assets/fonts/Roboto-Regular.ttf","fileType":"ttf","isBinary":true,"lines":[],"authorContributionMap":{"-":0}},{"path":"assets/icon.png","fileType":"png","isBinary":true,"lines":[],"authorContributionMap":{"-":0}},{"path":"assets/splash.png","fileType":"png","isBinary":true,"lines":[],"authorContributionMap":{"-":0}}]
