{"authorDailyContributionsMap":{"gerhean":[{"date":"2019-06-01","commitResults":[{"hash":"5dcfea4d31fcbb051353df89a73259907cba8273","messageTitle":"Initial commit","messageBody":"","fileTypesAndContributionMap":{"md":{"insertions":2,"deletions":0}}}]},{"date":"2019-06-07","commitResults":[{"hash":"bd058e65cb3547fad1d74e20b445966d68259df2","messageTitle":"start commit","messageBody":"","fileTypesAndContributionMap":{"gitignore":{"insertions":10,"deletions":0},"js":{"insertions":95,"deletions":0},"json":{"insertions":7378,"deletions":0},"watchmanconfig":{"insertions":1,"deletions":0},"jsx":{"insertions":229,"deletions":0}}}]},{"date":"2019-06-17","commitResults":[{"hash":"fc1b902b07c3f47648278c043d3ce7dc340ff091","messageTitle":"add stuff","messageBody":"","fileTypesAndContributionMap":{"gitignore":{"insertions":2,"deletions":0},"js":{"insertions":665,"deletions":87},"json":{"insertions":56,"deletions":3},"jsx":{"insertions":0,"deletions":229},"example":{"insertions":9,"deletions":0}}},{"hash":"90cff04471070b90938ec84ca0218d6373e10574","messageTitle":"more stuff","messageBody":"","fileTypesAndContributionMap":{"gitignore":{"insertions":1,"deletions":1},"js":{"insertions":53,"deletions":8},"json":{"insertions":1629,"deletions":1513},"example":{"insertions":7,"deletions":9}}},{"hash":"e17565c6dad723082121349b6b4bae7b12e9beb8","messageTitle":"Update App.js","messageBody":"","fileTypesAndContributionMap":{"js":{"insertions":1,"deletions":1}}}]},{"date":"2019-06-18","commitResults":[{"hash":"8a95148a26c284b82bd997dbd61d88a48d0b2614","messageTitle":"more stuff","messageBody":"","fileTypesAndContributionMap":{"gitignore":{"insertions":1,"deletions":1},"json":{"insertions":10752,"deletions":3473},"js":{"insertions":299,"deletions":191},"example":{"insertions":8,"deletions":7}}},{"hash":"bce13b0c0d69a66277c2cfbf234c833f6ed635f4","messageTitle":"make it work","messageBody":"","fileTypesAndContributionMap":{"js":{"insertions":7,"deletions":5}}}]},{"date":"2019-06-19","commitResults":[{"hash":"2b60d04bceb647dbe77ea5685c361a2e82973a17","messageTitle":"fix navigation","messageBody":"","fileTypesAndContributionMap":{"js":{"insertions":17,"deletions":7}}}]},{"date":"2019-06-20","commitResults":[{"hash":"6599b323e5b046526af947c2e285a24640983bc5","messageTitle":"more stuff","messageBody":"","fileTypesAndContributionMap":{"json":{"insertions":2,"deletions":78},"js":{"insertions":272,"deletions":37}}},{"hash":"a1b7c1fb503bd2af0b6da89ca84e39479bdb7e53","messageTitle":"more stuff","messageBody":"","fileTypesAndContributionMap":{"json":{"insertions":3,"deletions":0},"js":{"insertions":68,"deletions":20}}},{"hash":"21253626ced8faae0638f912efcbc768ffcca388","messageTitle":"add redux","messageBody":"","fileTypesAndContributionMap":{"js":{"insertions":206,"deletions":79}}},{"hash":"ca0b185521f853932b5d1baa968d77237398132e","messageTitle":"Update Register.js","messageBody":"","fileTypesAndContributionMap":{"js":{"insertions":2,"deletions":2}}}]},{"date":"2019-06-21","commitResults":[{"hash":"b6091299428d9927144d2e128970ab575f49774f","messageTitle":"added sagas","messageBody":"","fileTypesAndContributionMap":{"json":{"insertions":78,"deletions":1},"js":{"insertions":121,"deletions":25}}},{"hash":"480664592f0fc91dfca44210382e573f3592d831","messageTitle":"added mock backend","messageBody":"","fileTypesAndContributionMap":{"js":{"insertions":91,"deletions":37},"example":{"insertions":3,"deletions":1}}},{"hash":"7c4ff6048e5460cc67913ca227fc694a17930f60","messageTitle":"add saga to register","messageBody":"","fileTypesAndContributionMap":{"js":{"insertions":23,"deletions":15}}}]},{"date":"2019-06-24","commitResults":[{"hash":"a189c77872cbaad16f7e365a6815c417ab7641da","messageTitle":"add many stuff","messageBody":"","fileTypesAndContributionMap":{"js":{"insertions":1316,"deletions":815}}},{"hash":"502f321a0478dc2a721b02c1adc3a605bac78780","messageTitle":"can run now","messageBody":"","fileTypesAndContributionMap":{"js":{"insertions":279,"deletions":193}}},{"hash":"421979aef4c0236f234c277037f539ff67953efc","messageTitle":"removed stuff","messageBody":"","fileTypesAndContributionMap":{"js":{"insertions":0,"deletions":414},"json":{"insertions":0,"deletions":37}}}]},{"date":"2019-06-25","commitResults":[{"hash":"3edb3ac9e79366d0e37674290726aa042e6c1ae7","messageTitle":"add more mocks","messageBody":"","fileTypesAndContributionMap":{"js":{"insertions":150,"deletions":114}}}]},{"date":"2019-06-26","commitResults":[{"hash":"bcc8eff6dc2d1640d9d03eaf487c1c10cadc4a19","messageTitle":"update backendsaga","messageBody":"not tested to work\n","fileTypesAndContributionMap":{"js":{"insertions":206,"deletions":127}}},{"hash":"a3429e20fc42e2afb3277687bf9bbf5bf91178ac","messageTitle":"sign in sign up works","messageBody":"","fileTypesAndContributionMap":{"md":{"insertions":3,"deletions":0},"js":{"insertions":54,"deletions":46},"json":{"insertions":774,"deletions":499}}},{"hash":"f50d2f3ebbd21306169920bbe9254bf40ef73e7f","messageTitle":"fix firebase more","messageBody":"","fileTypesAndContributionMap":{"js":{"insertions":165,"deletions":69}}},{"hash":"4e3c36beaeeabc5a836106bc220482c139638327","messageTitle":"add userinfoform","messageBody":"","fileTypesAndContributionMap":{"js":{"insertions":49,"deletions":126}}}]},{"date":"2019-06-27","commitResults":[{"hash":"de7b55e69760aeffec0d4fc0b914d710e7533ddc","messageTitle":"edit user info works","messageBody":"but is ugly ugly\n","fileTypesAndContributionMap":{"js":{"insertions":33,"deletions":20}}},{"hash":"a12dfe14aee174b6d862e54c161de4af6bd892c2","messageTitle":"add schedule update","messageBody":"","fileTypesAndContributionMap":{"js":{"insertions":29,"deletions":2}}},{"hash":"2ef491940f38d63409f71aef4fca035a815798b5","messageTitle":"fix firebase more","messageBody":"","fileTypesAndContributionMap":{"js":{"insertions":134,"deletions":121},"json":{"insertions":27,"deletions":0}}},{"hash":"154862c70dc52a311ac70cf8eda23c7cc4e0d5b2","messageTitle":"more forms","messageBody":"","fileTypesAndContributionMap":{"js":{"insertions":47,"deletions":34}}},{"hash":"77f0c8d93133b1eb724cdeb41e0e1e21b364b724","messageTitle":"init app loading","messageBody":"","fileTypesAndContributionMap":{"js":{"insertions":82,"deletions":230}}},{"hash":"16dbad6050e2099a9bc93c24ce58c3cf89de9205","messageTitle":"add other user profile display","messageBody":"","fileTypesAndContributionMap":{"js":{"insertions":114,"deletions":11}}},{"hash":"25da81edb3108bb532620b1a2a75566cc11baafd","messageTitle":"add fetch user info","messageBody":"","fileTypesAndContributionMap":{"js":{"insertions":49,"deletions":14}}}]},{"date":"2019-06-28","commitResults":[{"hash":"bf0601df74d37d23ab629827e1c3235b9522fa90","messageTitle":"added schedule update","messageBody":"","fileTypesAndContributionMap":{"js":{"insertions":104,"deletions":44}}},{"hash":"804bf3260f78b631c0c66fe86a5fe4b555467a16","messageTitle":"polished up editing interfaces","messageBody":"","fileTypesAndContributionMap":{"js":{"insertions":129,"deletions":76}}},{"hash":"f5d95b4d69ccf9a403f93c737ea89716a5cacad7","messageTitle":"update schedulecard","messageBody":"also cleaned package.json abit\n","fileTypesAndContributionMap":{"json":{"insertions":0,"deletions":2},"js":{"insertions":51,"deletions":14}}},{"hash":"1467ff46931913dc5fe358fe3e9ad4851114640b","messageTitle":"make schedulelist nicer","messageBody":"","fileTypesAndContributionMap":{"js":{"insertions":50,"deletions":47}}},{"hash":"cac482a43e0e9fba349802620ede35f86cffa6c8","messageTitle":"make schedulelist nice","messageBody":"","fileTypesAndContributionMap":{"js":{"insertions":129,"deletions":139}}}]},{"date":"2019-06-29","commitResults":[{"hash":"87ee407eeb13239e3ddae8b35a6b8795ede05418","messageTitle":"add other userprofile","messageBody":"","fileTypesAndContributionMap":{"js":{"insertions":73,"deletions":26}}},{"hash":"cfabff1e664d2a906d505561936abbdb3e7f9f7e","messageTitle":"minor fixes","messageBody":"","fileTypesAndContributionMap":{"js":{"insertions":11,"deletions":7}}},{"hash":"441be8e2bd21a9ca4b711fbebbab8ed4a7f2c6a0","messageTitle":"more fix","messageBody":"","fileTypesAndContributionMap":{"js":{"insertions":12,"deletions":5}}},{"hash":"a554218d50840faea8947bda810fdf9d491116ea","messageTitle":"fixed more stuff","messageBody":"","fileTypesAndContributionMap":{"js":{"insertions":3,"deletions":2}}},{"hash":"f32924b4718c08aa99719289db5bcf6fee50add8","messageTitle":"auto auth up","messageBody":"","fileTypesAndContributionMap":{"js":{"insertions":55,"deletions":86}}},{"hash":"31a001b0b981b233a12baf9cf898e281ddcf3f7c","messageTitle":"small ui stuff","messageBody":"","fileTypesAndContributionMap":{"js":{"insertions":3,"deletions":3}}},{"hash":"5ad0862d3a7d380d44cb622cda4d53d931bb2f89","messageTitle":"fix schedule viewing","messageBody":"","fileTypesAndContributionMap":{"js":{"insertions":10,"deletions":5}}},{"hash":"9a3c4a4a3df3245d044f07e1b8398d75674642ee","messageTitle":"remove yellow box warning","messageBody":"","fileTypesAndContributionMap":{"js":{"insertions":17,"deletions":9}}}]},{"date":"2019-06-30","commitResults":[{"hash":"adbe3eeed1fc5c6d479b131a59625325516ec9f3","messageTitle":"view other user profile works now","messageBody":"","fileTypesAndContributionMap":{"js":{"insertions":3,"deletions":5}}},{"hash":"17ba53ec0f5a45801dc6baf4dc78e9c49cc7d9c2","messageTitle":"minor stuff","messageBody":"","fileTypesAndContributionMap":{"json":{"insertions":17,"deletions":30},"js":{"insertions":8,"deletions":6}}},{"hash":"5f986292d8ad899b01b18f90da1e55bd12184b64","messageTitle":"small optimisations","messageBody":"","fileTypesAndContributionMap":{"js":{"insertions":80,"deletions":25}}},{"hash":"c02a7be0bba96744caf0900e6477f79b603c34df","messageTitle":"fix userprofile","messageBody":"","fileTypesAndContributionMap":{"js":{"insertions":30,"deletions":14}}},{"hash":"5d876a0914724fc7136e0da0e5133aaf1c756332","messageTitle":"fix edit schedule","messageBody":"","fileTypesAndContributionMap":{"js":{"insertions":3,"deletions":2}}},{"hash":"24b355b8719bfcaa24c32fa505e95c9a8bbb0295","messageTitle":"add togglebookschedule","messageBody":"doesnt work\n","fileTypesAndContributionMap":{"js":{"insertions":36,"deletions":16}}},{"hash":"d401695a8aab445746406a8e607a301ca2230278","messageTitle":"store all schedules in state.schedules","messageBody":"","fileTypesAndContributionMap":{"js":{"insertions":80,"deletions":66}}},{"hash":"cfc53f492771200c93d367f703b93584d8f63339","messageTitle":"fix stuff","messageBody":"","fileTypesAndContributionMap":{"js":{"insertions":4,"deletions":4}}},{"hash":"a6f0ecb406373fc10acde970fce566dd91ab3b80","messageTitle":"booking functions kinda added","messageBody":"","fileTypesAndContributionMap":{"js":{"insertions":40,"deletions":27}}},{"hash":"446d564ea377529e2d05d3a4219d2a9b53f4e98b","messageTitle":"edit schedule works","messageBody":"","fileTypesAndContributionMap":{"json":{"insertions":192,"deletions":21},"js":{"insertions":188,"deletions":72}}}]},{"date":"2019-07-01","commitResults":[{"hash":"2b238b65dea78f735312120695a33dd4d9b935a4","messageTitle":"prevent isbooked bugs","messageBody":"","fileTypesAndContributionMap":{"js":{"insertions":11,"deletions":8}}},{"hash":"914c2095aa93fc44baf8c863c4b9ec96698b288f","messageTitle":"try to fix fetch schedule","messageBody":"","fileTypesAndContributionMap":{"js":{"insertions":29,"deletions":9}}},{"hash":"85f14990856067bffa577e5bde7a02738f4b0571","messageTitle":"fix timepicker","messageBody":"","fileTypesAndContributionMap":{"js":{"insertions":29,"deletions":21}}},{"hash":"bdace5565aef1e92e31b1dfe7905344a367d3f90","messageTitle":"fix submit schedule","messageBody":"","fileTypesAndContributionMap":{"js":{"insertions":1,"deletions":1}}},{"hash":"85b9640da4bb15431c7a29e8b001eb62d717fd26","messageTitle":"add extra checks","messageBody":"","fileTypesAndContributionMap":{"js":{"insertions":22,"deletions":8}}},{"hash":"ced72b9a3fd710101776869c6a946966ad934296","messageTitle":"Schedule remove added","messageBody":"use only if data corrupted\n","fileTypesAndContributionMap":{"js":{"insertions":29,"deletions":2}}},{"hash":"f49d6a673937a502035a061395af74053762e040","messageTitle":"abstract the schedule card","messageBody":"","fileTypesAndContributionMap":{"js":{"insertions":156,"deletions":91}}},{"hash":"7c6a9279adfb2b0ec67061a4fd43c295e1eb6f6b","messageTitle":"fixed some stuff","messageBody":"","fileTypesAndContributionMap":{"js":{"insertions":12,"deletions":5}}}]},{"date":"2019-07-04","commitResults":[{"hash":"7419b01bed8c972d557096a45d09308c2ef76cd1","messageTitle":"use flatlist","messageBody":"","fileTypesAndContributionMap":{"js":{"insertions":147,"deletions":93}}},{"hash":"35a712e517a48a9364beffda27c27170cc16d0e1","messageTitle":"use scheduleId for editing","messageBody":"","fileTypesAndContributionMap":{"js":{"insertions":6,"deletions":8}}}]},{"date":"2019-07-05","commitResults":[{"hash":"4155c4dfe1e5d1083b08dd1f8f437d232ab0a641","messageTitle":"fix some stuff","messageBody":"","fileTypesAndContributionMap":{"json":{"insertions":11,"deletions":30},"js":{"insertions":3,"deletions":2}}},{"hash":"9f9b681d1d145b61c4cff0a6a820464441d79231","messageTitle":"Update ScheduleForm.js","messageBody":"","fileTypesAndContributionMap":{"js":{"insertions":0,"deletions":1}}},{"hash":"fcb1030724066b7ccce2447bd7ef48fc29d15529","messageTitle":"Update backendSaga.js","messageBody":"","fileTypesAndContributionMap":{"js":{"insertions":0,"deletions":1}}}]},{"date":"2019-07-06","commitResults":[{"hash":"a8a37080620179541f99127399901b345dc0bf5c","messageTitle":"change name","messageBody":"","fileTypesAndContributionMap":{"json":{"insertions":11,"deletions":30},"js":{"insertions":5,"deletions":5}}},{"hash":"a42281a7dbb18d52b36be946ee07b0428fa47e87","messageTitle":"schedulecard updates itself now","messageBody":"","fileTypesAndContributionMap":{"js":{"insertions":39,"deletions":118}}},{"hash":"03a527a752a651b5c18e7aeca653121b7d16fdbc","messageTitle":"add some immutability","messageBody":"","fileTypesAndContributionMap":{"js":{"insertions":28,"deletions":11}}},{"hash":"0fb29d58e757f5c2c33e0e2f12b9b3272960394f","messageTitle":"more immutability","messageBody":"","fileTypesAndContributionMap":{"js":{"insertions":19,"deletions":8}}},{"hash":"cf6a0a3d10a16e785ce5f80f57006b0ef0d46340","messageTitle":"split up reducers","messageBody":"","fileTypesAndContributionMap":{"json":{"insertions":4,"deletions":1},"js":{"insertions":194,"deletions":201}}},{"hash":"58b150bec8fafd4187e713203f28cbbd0cb62f8c","messageTitle":"rename schedulelist","messageBody":"","fileTypesAndContributionMap":{"js":{"insertions":2,"deletions":2}}},{"hash":"fe3105317006b86230049a43c926c597601e366e","messageTitle":"some maintanence","messageBody":"remove console logs,\nremoved unused packages\n","fileTypesAndContributionMap":{"json":{"insertions":21,"deletions":7},"js":{"insertions":3,"deletions":13}}},{"hash":"fbc8e1c928b8453b5758884f209111cd5036b2d2","messageTitle":"removed packages","messageBody":"","fileTypesAndContributionMap":{"json":{"insertions":9,"deletions":130}}},{"hash":"d0c02eff9748547acdb253739727c94db4191e02","messageTitle":"fix some ui","messageBody":"","fileTypesAndContributionMap":{"js":{"insertions":26,"deletions":5}}},{"hash":"f4e90f94b7a92a915946e3895feaab56b397e6ca","messageTitle":"fix stuff","messageBody":"","fileTypesAndContributionMap":{"js":{"insertions":61,"deletions":31}}}]},{"date":"2019-07-07","commitResults":[{"hash":"7b13861ed3c15a60d44e6d11af30a4803765ed8f","messageTitle":"move userprofile","messageBody":"","fileTypesAndContributionMap":{"js":{"insertions":10,"deletions":4}}},{"hash":"eb2249bf90d86563c2f3dc83c28472dd8d5c259c","messageTitle":"removed useless stuff","messageBody":"","fileTypesAndContributionMap":{"js":{"insertions":28,"deletions":91}}},{"hash":"4f86227eda61eca8277553cd6b77f01f442ab1d1","messageTitle":"better users cleaning","messageBody":"","fileTypesAndContributionMap":{"js":{"insertions":11,"deletions":8}}},{"hash":"e140354630a0c07e0d6374415a09ae1bef115aa6","messageTitle":"added usercard","messageBody":"","fileTypesAndContributionMap":{"js":{"insertions":69,"deletions":2}}},{"hash":"8f1de128003068741ef1957e186b72ae33016bb8","messageTitle":"update booking offers","messageBody":"","fileTypesAndContributionMap":{"js":{"insertions":87,"deletions":40}}}]},{"date":"2019-07-09","commitResults":[{"hash":"9fe6f2fa596a1273a69dff03f41a8909608c513a","messageTitle":"add android back button","messageBody":"","fileTypesAndContributionMap":{"js":{"insertions":60,"deletions":18}}}]},{"date":"2019-07-11","commitResults":[{"hash":"bd1a197bf956d5caf3fffabe19332e89eade2fe8","messageTitle":"add view offers","messageBody":"","fileTypesAndContributionMap":{"json":{"insertions":15,"deletions":20},"js":{"insertions":193,"deletions":10}}},{"hash":"dc83716e2a311051e1563049015e1e8460a3559e","messageTitle":"Update env.js.example","messageBody":"","fileTypesAndContributionMap":{"example":{"insertions":4,"deletions":1}}},{"hash":"f93d95f1360984017f9bb4089885e9785de3c8f1","messageTitle":"clean up","messageBody":"","fileTypesAndContributionMap":{"js":{"insertions":1,"deletions":13}}}]},{"date":"2019-07-14","commitResults":[{"hash":"73b3c8dc427f88e2f16dba5b333835259ea5ac47","messageTitle":"Update env.js.example","messageBody":"","fileTypesAndContributionMap":{"example":{"insertions":5,"deletions":1}}},{"hash":"59a684c904833d4f1bbf788f6726007b251270fe","messageTitle":"split up backendsaga","messageBody":"","fileTypesAndContributionMap":{"js":{"insertions":489,"deletions":420}}},{"hash":"78ade2ae523491460fbe10cec4f9ad4c88968e44","messageTitle":"fix bugs","messageBody":"now it runs\n","fileTypesAndContributionMap":{"json":{"insertions":11,"deletions":30},"js":{"insertions":57,"deletions":44}}},{"hash":"f15af3d30251226902a632126cacc2eea758c0f5","messageTitle":"fix view offers","messageBody":"","fileTypesAndContributionMap":{"js":{"insertions":20,"deletions":21}}},{"hash":"a66d9d2e3dd297eeb4b549e360e1134b0fd6be2e","messageTitle":"Update chatSaga.js","messageBody":"","fileTypesAndContributionMap":{"js":{"insertions":8,"deletions":13}}}]},{"date":"2019-07-15","commitResults":[{"hash":"4cfa4ddc71f5d0013d7a9bccd810300ae4bd8028","messageTitle":"{} to ({})","messageBody":"","fileTypesAndContributionMap":{"js":{"insertions":9,"deletions":9}}},{"hash":"58c0ee80686e0fd00e0c96f9d883c0dbb4008b16","messageTitle":"lots of change","messageBody":"","fileTypesAndContributionMap":{"js":{"insertions":44,"deletions":16}}}]},{"date":"2019-07-16","commitResults":[{"hash":"00694d5ca9c32d492026ededb654c79956bd15c5","messageTitle":"major overhaul","messageBody":"which is buggy\n","fileTypesAndContributionMap":{"js":{"insertions":190,"deletions":120}}},{"hash":"22ec5ba0d806d5c0e8e4bf0120824c12d1bc2d94","messageTitle":"Update chatSaga.js","messageBody":"","fileTypesAndContributionMap":{"js":{"insertions":4,"deletions":4}}},{"hash":"e64950c420255466b028632dfe69f80ed837b603","messageTitle":"Update chatSaga.js","messageBody":"","fileTypesAndContributionMap":{"js":{"insertions":2,"deletions":2}}},{"hash":"a99e0007f768526ef175113466fe8906316aca52","messageTitle":"more stuff overhaul","messageBody":"","fileTypesAndContributionMap":{"js":{"insertions":75,"deletions":78}}},{"hash":"567429566931b95df71a218ca2462d8a67f41526","messageTitle":"Update chatActions.js","messageBody":"","fileTypesAndContributionMap":{"js":{"insertions":1,"deletions":1}}},{"hash":"86dba3c4315483a95d73cd0718462484598ac4ab","messageTitle":"make it run","messageBody":"","fileTypesAndContributionMap":{"js":{"insertions":4,"deletions":34}}},{"hash":"4ce30d78c02ff8e12b57398f9dc9808c7a27beeb","messageTitle":"Update chatSaga.js","messageBody":"kinda works now\n","fileTypesAndContributionMap":{"js":{"insertions":3,"deletions":4}}},{"hash":"5ff0a689d4461fe8de7a578d369467cfece56897","messageTitle":"probably works now","messageBody":"","fileTypesAndContributionMap":{"js":{"insertions":17,"deletions":16}}},{"hash":"e056ae536803a58ceb0321868a542e7757f5b002","messageTitle":"fix messages","messageBody":"","fileTypesAndContributionMap":{"js":{"insertions":46,"deletions":31}}},{"hash":"1be277b105f32849abe807ff1cdfb15252d5cd2b","messageTitle":"Update chatReducer.js","messageBody":"can see rooms now\n","fileTypesAndContributionMap":{"js":{"insertions":9,"deletions":0}}},{"hash":"97c95bc169efddd7d46b68dcbed1c0e2efaf1726","messageTitle":"Update ChatRoom.js","messageBody":"","fileTypesAndContributionMap":{"js":{"insertions":3,"deletions":0}}}]},{"date":"2019-07-17","commitResults":[{"hash":"3fe6369510ae2e03da966e624624446b8d4af950","messageTitle":"added openchat","messageBody":"","fileTypesAndContributionMap":{"js":{"insertions":124,"deletions":29}}},{"hash":"0c9a160060466eb45307e9f639445a73941b26d0","messageTitle":"Update ChatRoom.js","messageBody":"","fileTypesAndContributionMap":{"js":{"insertions":1,"deletions":1}}},{"hash":"060043af61b66d2f3a6e4fdb1bcc3f7a1aad3f19","messageTitle":"fix message sending","messageBody":"","fileTypesAndContributionMap":{"js":{"insertions":39,"deletions":33}}},{"hash":"18e402882f4c31e371bdb4ebdc8acfa6df32390c","messageTitle":"fix send messages","messageBody":"","fileTypesAndContributionMap":{"js":{"insertions":3,"deletions":3}}},{"hash":"5089efe6b40bd5d3cc1ec7818320de4403e8de52","messageTitle":"Update Groups.js","messageBody":"","fileTypesAndContributionMap":{"js":{"insertions":2,"deletions":1}}},{"hash":"ee1bde37ace3913ca2bb10bf367aeb1e87d67950","messageTitle":"Update Groups.js","messageBody":"","fileTypesAndContributionMap":{"js":{"insertions":3,"deletions":3}}},{"hash":"d5b1a23648c18be3d9ccd0458b51ceb1daa7bb2a","messageTitle":"add non-functional usersaga","messageBody":"","fileTypesAndContributionMap":{"js":{"insertions":168,"deletions":7}}},{"hash":"0393ab9b68e33ba415c57b4b23e98193c2dd9682","messageTitle":"more stuff added","messageBody":"","fileTypesAndContributionMap":{"js":{"insertions":21,"deletions":4}}},{"hash":"7e9c52c24bda9b4ebd3443caa4b75cf0f63eef19","messageTitle":"add view reviews","messageBody":"","fileTypesAndContributionMap":{"json":{"insertions":100,"deletions":30},"js":{"insertions":99,"deletions":5}}}]},{"date":"2019-07-18","commitResults":[{"hash":"9c4ebb25553a4bf6a2fd21ee57bfc970a8285e16","messageTitle":"update UserReducer","messageBody":"","fileTypesAndContributionMap":{"js":{"insertions":59,"deletions":33}}},{"hash":"e8eadc8f3c83fa2328961ce851779f71d05b994e","messageTitle":"added more review stuff","messageBody":"","fileTypesAndContributionMap":{"js":{"insertions":114,"deletions":13}}},{"hash":"702097f0478f9b9e7343d3be749a23eb88d9127c","messageTitle":"make chat nicer","messageBody":"","fileTypesAndContributionMap":{"json":{"insertions":97,"deletions":1038},"js":{"insertions":146,"deletions":120}}},{"hash":"6dc60880c50a0a813590344e6b9d66cc56fd0916","messageTitle":"chatroom looks nicer","messageBody":"","fileTypesAndContributionMap":{"js":{"insertions":33,"deletions":12}}},{"hash":"b47542856b914a21105b84763dc1ba5c49e56df9","messageTitle":"Update AppNav.js","messageBody":"","fileTypesAndContributionMap":{"js":{"insertions":8,"deletions":1}}},{"hash":"9b902fb3e1e981ddab2f0857c95d8de064c1afe6","messageTitle":"added view reviews","messageBody":"","fileTypesAndContributionMap":{"js":{"insertions":50,"deletions":65}}},{"hash":"080b485c9f60f6db8c4e2d144c32b462aed23b08","messageTitle":"Update ScheduleCard.js","messageBody":"better ui\n","fileTypesAndContributionMap":{"js":{"insertions":17,"deletions":15}}}]},{"date":"2019-07-19","commitResults":[{"hash":"ed8eb7068dc2d15fddba1a899252783834fe581b","messageTitle":"view reviews ui added","messageBody":"","fileTypesAndContributionMap":{"js":{"insertions":85,"deletions":25}}},{"hash":"41c0820a0a4c074b4c6632c5d8a395a35f782753","messageTitle":"add eslint for easier error checking","messageBody":"","fileTypesAndContributionMap":{"json":{"insertions":620,"deletions":0},"js":{"insertions":2,"deletions":2}}},{"hash":"cbc37103c040d91caa98cf074bc19b6748795e0b","messageTitle":"nicer looking pt 1","messageBody":"","fileTypesAndContributionMap":{"js":{"insertions":37,"deletions":88}}},{"hash":"68b8a3b0c246e43590efb8969f70f3d8fd1e887b","messageTitle":"nicer looking pt 2","messageBody":"","fileTypesAndContributionMap":{"js":{"insertions":51,"deletions":0}}},{"hash":"3015800e3318d4fd158457fbfff87f80540b083e","messageTitle":"format stuff","messageBody":"","fileTypesAndContributionMap":{"js":{"insertions":403,"deletions":422}}},{"hash":"0894a35458c1dd39c3216d46a9f74ae4e5b93fac","messageTitle":"update schedulecard ui","messageBody":"","fileTypesAndContributionMap":{"js":{"insertions":42,"deletions":63}}},{"hash":"d52f28de119cb98cca34148b1fc5d8bd25cb1a43","messageTitle":"chat bug fixes","messageBody":"","fileTypesAndContributionMap":{"js":{"insertions":122,"deletions":116}}},{"hash":"d58834587a20bbe6222dfb45ad4b03d2f4583f36","messageTitle":"update eslint for react","messageBody":"","fileTypesAndContributionMap":{"json":{"insertions":111,"deletions":50},"js":{"insertions":4,"deletions":3}}},{"hash":"a0830bec90f4c7bed33f0ec76194a3f2c3fdc892","messageTitle":"make eslint happy","messageBody":"","fileTypesAndContributionMap":{"json":{"insertions":5,"deletions":1},"js":{"insertions":17,"deletions":30}}}]},{"date":"2019-07-20","commitResults":[{"hash":"c94911532b5e8db9bc977a91590928afb75fa5aa","messageTitle":"dont remove booked schedules","messageBody":"","fileTypesAndContributionMap":{"js":{"insertions":1,"deletions":1}}},{"hash":"f4d584b368a1bdb99b151dc70bda203bb605854e","messageTitle":"see number of reviews","messageBody":"","fileTypesAndContributionMap":{"js":{"insertions":3,"deletions":10}}},{"hash":"1af8e034d6c144ad4d6b556c351f2a06e3de8392","messageTitle":"Update EditUserInfo.js","messageBody":"","fileTypesAndContributionMap":{"js":{"insertions":2,"deletions":3}}},{"hash":"67dc1a6e7c58b26f2441f13a20e76584d6c84ca8","messageTitle":"Home UI updated much","messageBody":"","fileTypesAndContributionMap":{"json":{"insertions":11,"deletions":30},"js":{"insertions":74,"deletions":25}}},{"hash":"d993368740c8a4d48b9dafbce27554cbc09a6093","messageTitle":"username req for edit userinfo","messageBody":"","fileTypesAndContributionMap":{"js":{"insertions":1,"deletions":0}}}]},{"date":"2019-07-22","commitResults":[{"hash":"1dd589d07c92aeae017e338f312ac66f19a1c0f8","messageTitle":"fix reducer bug","messageBody":"","fileTypesAndContributionMap":{"js":{"insertions":39,"deletions":57}}},{"hash":"7ec5b10c6b5953fbe6823fe846badbe8f1d96b71","messageTitle":"Update UserProfile.js","messageBody":"UI\n","fileTypesAndContributionMap":{"js":{"insertions":0,"deletions":5}}},{"hash":"8fab836fb6e3d5568d5a16f111019471ca23627f","messageTitle":"UI improvements","messageBody":"","fileTypesAndContributionMap":{"js":{"insertions":47,"deletions":67}}},{"hash":"a6ffde6be81504a55ad22501f5cd1dcfea0ca5c7","messageTitle":"Update ScheduleCard.js","messageBody":"UI\n","fileTypesAndContributionMap":{"js":{"insertions":33,"deletions":16}}},{"hash":"c9a5fe0cd927d121570190ed2ac4c563cf844520","messageTitle":"Update ScheduleCard.js","messageBody":"More UI\n","fileTypesAndContributionMap":{"js":{"insertions":4,"deletions":4}}},{"hash":"3d8b27af522183ad35deec92fd4be0c324347638","messageTitle":"some UI changes?","messageBody":"","fileTypesAndContributionMap":{"js":{"insertions":18,"deletions":21}}},{"hash":"45f933c4060532677c80c82aa249e23c6440782c","messageTitle":"userprofile UI","messageBody":"","fileTypesAndContributionMap":{"js":{"insertions":90,"deletions":35}}},{"hash":"1893376d64f4dd4b42997810a5221f0ab13e58bf","messageTitle":"Update chatReducer.js","messageBody":"navigation issue\n","fileTypesAndContributionMap":{"js":{"insertions":2,"deletions":2}}}]},{"date":"2019-07-23","commitResults":[{"hash":"3afbe2bdb9e41608cfa5ffee55450229be4b4ebc","messageTitle":"added followUsers","messageBody":"","fileTypesAndContributionMap":{"js":{"insertions":155,"deletions":49}}},{"hash":"cd794cce9e75e82954f39f5cf8f5e0fe603d4fe3","messageTitle":"Update chatSaga.js","messageBody":"","fileTypesAndContributionMap":{"js":{"insertions":1,"deletions":1}}},{"hash":"aa1c200694b7e0cf9d56da2435b3146d5684e588","messageTitle":"review and rangeinput fixes","messageBody":"review displays correct pic,\nrangeinput can now accept any input\n","fileTypesAndContributionMap":{"js":{"insertions":192,"deletions":86}}},{"hash":"2e8d3564ea5a10b5ecba5846fbba06da72727f94","messageTitle":"update reviews","messageBody":"","fileTypesAndContributionMap":{"js":{"insertions":14,"deletions":16}}},{"hash":"3cb52aa3cac53e2b643eebfec488a434ae444861","messageTitle":"fix bugs","messageBody":"","fileTypesAndContributionMap":{"js":{"insertions":49,"deletions":56}}},{"hash":"fd95e1fb929acd1ddd84d2f5d8379aff67d9dd53","messageTitle":"screenhistory fix","messageBody":"","fileTypesAndContributionMap":{"js":{"insertions":13,"deletions":7}}},{"hash":"cd197ded958b9beba130345cdbb0aff1022c584b","messageTitle":"Update scheduleSaga.js","messageBody":"","fileTypesAndContributionMap":{"js":{"insertions":1,"deletions":1}}}]},{"date":"2019-07-24","commitResults":[{"hash":"c132a22d9d21a10398c6c168738f86b177fcf306","messageTitle":"add replace screen","messageBody":"","fileTypesAndContributionMap":{"js":{"insertions":15,"deletions":2}}},{"hash":"6922e6e7a0949b678a8dd503ca97b788d16fe3bb","messageTitle":"chatroom fixes","messageBody":"","fileTypesAndContributionMap":{"js":{"insertions":35,"deletions":12}}},{"hash":"4978e21b398af849fc214d818ee79d25e3a18820","messageTitle":"prevent screen update when same screen","messageBody":"","fileTypesAndContributionMap":{"js":{"insertions":1,"deletions":0}}},{"hash":"9c0ba54d54b42e9d658274665b983be96cd88d32","messageTitle":"make eslint happy","messageBody":"","fileTypesAndContributionMap":{"js":{"insertions":70,"deletions":102}}},{"hash":"9ca601489df0a1114eb5af309a8e7482a7239f1a","messageTitle":"Update ChatRoomNew.js","messageBody":"","fileTypesAndContributionMap":{"js":{"insertions":2,"deletions":1}}},{"hash":"4ba93bd47f4ac0f36498bb7166cc582d5c2f39a0","messageTitle":"firebase fix","messageBody":"","fileTypesAndContributionMap":{"js":{"insertions":1,"deletions":5}}},{"hash":"491b293b97947ed2fbff39fe00414fc0413955a7","messageTitle":"Update index.js","messageBody":"quick fix\n","fileTypesAndContributionMap":{"js":{"insertions":1,"deletions":0}}},{"hash":"2ac5d9f8e218f8b6e1eb940989a1477bdf7599a0","messageTitle":"fix chat bug","messageBody":"","fileTypesAndContributionMap":{"js":{"insertions":9,"deletions":5}}},{"hash":"173241ded68268800747c13006445b53c40e6ccc","messageTitle":"fix chat bugs","messageBody":"","fileTypesAndContributionMap":{"js":{"insertions":14,"deletions":16}}},{"hash":"5daf44a382cb80349dedf3d8619a6ff31671f615","messageTitle":"Update store.js","messageBody":"removed comments\n","fileTypesAndContributionMap":{"js":{"insertions":1,"deletions":10}}},{"hash":"0ae06b9be2727763e31874e92b2efbcd2e7e9752","messageTitle":"add upload image","messageBody":"","fileTypesAndContributionMap":{"json":{"insertions":48,"deletions":31},"js":{"insertions":36,"deletions":2}}},{"hash":"04111fd1cb8f6a50db0c7a566f2c83b1e4e0507e","messageTitle":"Update userSaga.js","messageBody":"","fileTypesAndContributionMap":{"js":{"insertions":1,"deletions":1}}},{"hash":"d7b08e9fab2d1b4cef3438a778c4562bcdf8ccbe","messageTitle":"Update userSaga.js","messageBody":"","fileTypesAndContributionMap":{"js":{"insertions":1,"deletions":1}}},{"hash":"50151649fb158fc721af38db94120a807be707be","messageTitle":"moved schedulelist to schedule folder","messageBody":"","fileTypesAndContributionMap":{"js":{"insertions":4,"deletions":8}}},{"hash":"80939ef4d1485cf6089d20c6e145273443d18dfd","messageTitle":"add picture upload","messageBody":"","fileTypesAndContributionMap":{"json":{"insertions":24,"deletions":154},"js":{"insertions":85,"deletions":58}}},{"hash":"927f98a6c18fc168e1ba3b49fb79b8b17a4986a1","messageTitle":"remove useless firebase files","messageBody":"","fileTypesAndContributionMap":{"gitignore":{"insertions":0,"deletions":3},"json":{"insertions":0,"deletions":4015},"js":{"insertions":0,"deletions":62},"rules":{"insertions":0,"deletions":29},"firebaserc":{"insertions":0,"deletions":5}}},{"hash":"5beaea84df7f56ec19b54a2847e51453f4baf978","messageTitle":"Delete yarn.lock","messageBody":"","fileTypesAndContributionMap":{"lock":{"insertions":0,"deletions":9645}}},{"hash":"69f4468012bd7d6cf56f9dabe09c37ca805b1999","messageTitle":"Update scheduleReducer.js","messageBody":"","fileTypesAndContributionMap":{"js":{"insertions":2,"deletions":1}}},{"hash":"888e761df5568607564fd8c4060af5ac703737c9","messageTitle":"added choose picture","messageBody":"","fileTypesAndContributionMap":{"js":{"insertions":188,"deletions":107}}},{"hash":"720198da54270047470810bb07b7fc12fc141558","messageTitle":"Create env.js.example","messageBody":"","fileTypesAndContributionMap":{"example":{"insertions":17,"deletions":0}}},{"hash":"b67d217e4bc57ba3873a72ee141d8e651c2e96c7","messageTitle":"Update app.json","messageBody":"","fileTypesAndContributionMap":{"json":{"insertions":3,"deletions":0}}}]},{"date":"2019-07-25","commitResults":[{"hash":"822ace58e8a03b7709773435bec569ec27a5021b","messageTitle":"add keyboard spacer","messageBody":"","fileTypesAndContributionMap":{"json":{"insertions":18,"deletions":31},"js":{"insertions":22,"deletions":9}}},{"hash":"ada697a952f07b0d1e03ee55f73583a0ef4b8f82","messageTitle":"Update app.json","messageBody":"","fileTypesAndContributionMap":{"json":{"insertions":0,"deletions":3}}}]},{"date":"2019-09-16","commitResults":[{"hash":"e99e54041024c276644b31f611aae93e6cfef244","messageTitle":"Update README.md","messageBody":"","fileTypesAndContributionMap":{"md":{"insertions":4,"deletions":1}}}]}]},"authorFileTypeContributionMap":{"gerhean":{"json":15957,"gitignore":12,"watchmanconfig":1,"js":4351,"md":8,"example":17}},"authorContributionVariance":{"gerhean":4722348.5},"authorDisplayNameMap":{"gerhean":"gerhean"}}
