[{"path":"static/favicon.ico","fileType":"ico","isBinary":true,"lines":[],"authorContributionMap":{"-":0}},{"path":"static/img/2020/12/2021s1ts.png","fileType":"png","isBinary":true,"lines":[],"authorContributionMap":{"-":0}},{"path":"static/img/2020/12/first-website-ss.png","fileType":"png","isBinary":true,"lines":[],"authorContributionMap":{"-":0}},{"path":"static/img/2020/12/winter-vacation.jpeg","fileType":"jpeg","isBinary":true,"lines":[],"authorContributionMap":{"-":0}},{"path":"static/img/2021/01/majority_ruling_banner.png","fileType":"png","isBinary":true,"lines":[],"authorContributionMap":{"-":0}},{"path":"static/img/2021/01/majority_ruling_lvl3.png","fileType":"png","isBinary":true,"lines":[],"authorContributionMap":{"-":0}},{"path":"static/img/2021/01/majority_ruling_main.png","fileType":"png","isBinary":true,"lines":[],"authorContributionMap":{"-":0}},{"path":"static/img/main/background.jpg","fileType":"jpg","isBinary":true,"lines":[],"authorContributionMap":{"-":0}},{"path":"static/img/main/portrait.jpg","fileType":"jpg","isBinary":true,"lines":[],"authorContributionMap":{"-":0}}]
