{"authorDailyContributionsMap":{"gerhean":[{"date":"2020-12-06","commitResults":[{"hash":"1ef4928db05ebbcc384b9eb43fbcce54e5cce5de","messageTitle":"site init","messageBody":"","fileTypesAndContributionMap":{"md":{"insertions":6,"deletions":0},"gitmodules":{"insertions":0,"deletions":0},"toml":{"insertions":3,"deletions":0}}},{"hash":"4a10a1133247029d185c72061f7e3bc360c5838f","messageTitle":"load theme","messageBody":"","fileTypesAndContributionMap":{"md":{"insertions":344,"deletions":0},"json":{"insertions":2,"deletions":0},"yml":{"insertions":71,"deletions":0},"gitmodules":{"insertions":3,"deletions":0},"toml":{"insertions":368,"deletions":3}}}]},{"date":"2020-12-07","commitResults":[{"hash":"c6e4b81d415ae3bd70f04efe4dd59b8e26a76cd3","messageTitle":"add themes","messageBody":"","fileTypesAndContributionMap":{"gitmodules":{"insertions":3,"deletions":0},"toml":{"insertions":0,"deletions":190}}},{"hash":"2acdd5ba91bd15f57398a8d9981f7c8ca526b986","messageTitle":"finish homepage","messageBody":"","fileTypesAndContributionMap":{"html":{"insertions":37,"deletions":0},"toml":{"insertions":19,"deletions":1}}}]},{"date":"2020-12-08","commitResults":[{"hash":"07b94d6261692016411f90c4676e163ab0a3b91d","messageTitle":"Create README.md","messageBody":"","fileTypesAndContributionMap":{"md":{"insertions":43,"deletions":0}}},{"hash":"656ae3a68736ce9f668b481930be3d6d83d3bc2b","messageTitle":"Update config.toml","messageBody":"","fileTypesAndContributionMap":{"toml":{"insertions":63,"deletions":52}}},{"hash":"14a2aeaec9d6d4100f0db5b01028a82875115b60","messageTitle":"update content","messageBody":"","fileTypesAndContributionMap":{"md":{"insertions":68,"deletions":21},"html":{"insertions":2,"deletions":2},"toml":{"insertions":1,"deletions":1}}},{"hash":"70c799c265f33730351cb42c10466a692824756f","messageTitle":"move images","messageBody":"","fileTypesAndContributionMap":{"html":{"insertions":2,"deletions":2},"toml":{"insertions":1,"deletions":1}}},{"hash":"a761795889427e02004e80dbcdef4452cab9dadf","messageTitle":"write first post","messageBody":"","fileTypesAndContributionMap":{"md":{"insertions":34,"deletions":335},"json":{"insertions":0,"deletions":2},"toml":{"insertions":4,"deletions":4}}},{"hash":"d4027d825e10dfac4071385012f371c998381e74","messageTitle":"Create netlify.toml","messageBody":"","fileTypesAndContributionMap":{"toml":{"insertions":30,"deletions":0}}},{"hash":"179065271945849cba903251b5f97fbbf09b4dad","messageTitle":"add favicon","messageBody":"","fileTypesAndContributionMap":{"yml":{"insertions":1,"deletions":1},"toml":{"insertions":3,"deletions":3}}},{"hash":"0646dbd2b10fd3e60a307e8705a63b0ad351904e","messageTitle":"Update README.md","messageBody":"","fileTypesAndContributionMap":{"md":{"insertions":1,"deletions":1}}},{"hash":"a8023acf94904333e8f418f54731bf17d3b3a642","messageTitle":"add captcha","messageBody":"","fileTypesAndContributionMap":{"yml":{"insertions":4,"deletions":4},"toml":{"insertions":2,"deletions":2}}}]},{"date":"2021-01-15","commitResults":[{"hash":"8de20bb3099617d02ffd7936de37e29c988d5f59","messageTitle":"some content","messageBody":"","fileTypesAndContributionMap":{"md":{"insertions":136,"deletions":0}}},{"hash":"c6369938ce4ecf79f3587de81294dfbd4bb07821","messageTitle":"rename blog posts","messageBody":"","fileTypesAndContributionMap":{"md":{"insertions":43,"deletions":0}}},{"hash":"a4b63f72512892209379036a6a36d9d402682dbf","messageTitle":"add gitignore","messageBody":"","fileTypesAndContributionMap":{"gitignore":{"insertions":5,"deletions":0},"md":{"insertions":13,"deletions":30}}}]}]},"authorFileTypeContributionMap":{"gerhean":{"gitignore":5,"gitmodules":6,"md":301,"toml":237,"html":37,"yml":71}},"authorContributionVariance":{"gerhean":27701.482},"authorDisplayNameMap":{"gerhean":"gerhean"}}
